Sl No,Accident_Index,Date,Day_of_Week,Time_of_Accident,Accident_Location_A,Accident_Location_A_Chainage_km,Accident_Location_A_Chainage_km_RoadSide,Nature_of_Accident_B1,Nature_of_Accident_B2,Nature_of_Accident_B3,Accident_Severity_C,Classification_of_Accident_C1,Classification_of_Accident_C2,Classification_of_Accident_C3,Causes_D1,Causes_D2,Causes_D3,Causes_D4,Causes_D5,Road_Feature_E,Road_Condition_F,Intersection_Type_G,Weather_Conditions_H,Vehicle_Type_Involved_J_V1,Vehicle_Type_Involved_J_V2,Vehicle_Type_Involved_J_V3,Vehicle_Type_Involved_J_V4,Number_of_Vehicles,Number_of_Casualties_Fatel,Number_of_Casualties_GrievousInjury,Number_of_Casualties_MinorInjury,Number_of_Casualties_NotInjured,Number_of_Casualties,Remarks
398,201500006,42010,2,15:10,2,189.65,RHS,1,,,3,3,,,2,,,,,4,1,5,1,1,,,,1,,,1,,1,
399,201500007,42010,2,18:55,2,179,RHS,1,,,3,3,,,2,,,,,4,3,1,2,6,11,,,2,,,1,,1,
400,201500008,42014,6,16:20,2,180,RHS,1,,,3,3,,,2,,,,,4,4,3,1,6,1,,,2,,,2,,2,
401,201500009,42016,1,16:30,2,176,RHS,3,,,4,4,,,4,,,,,4,4,4,2,6,,,,1,,,,1,0,
402,201500010,42016,1,17:30,2,210.8,RHS,3,,,2,2,,,3,,,,,4,8,1,2,6,,,,1,,2,,,2,
403,201500011,42016,1,21:30,2,226,RHS,3,,,3,3,,,2,,,,,4,1,4,1,6,,,,1,,,1,,1,
404,201500012,42019,4,17:40,2,218,RHS,1,,,3,3,,,2,,,,,4,7,2,1,1,11,,,2,,,1,,1,
405,201500013,42021,6,20:15,2,156.5,LHS,1,,,3,3,,,4,,,,,4,3,1,2,6,1,,,2,,,1,,1,
406,201500014,42022,7,01:30,2,168.8,RHS,1,,,3,3,,,4,,,,,2,3,3,3,1,6,,,2,,,2,,2,
407,201500015,42022,7,13:20,2,173.1,LHS,3,,,2,2,,,2,,,,,4,2,1,2,6,,,,1,,1,,,1,
408,201500016,42022,7,20:40,2,220,LHS,2,,,3,3,,,4,,,,,4,1,2,1,1,,,,1,,,3,,3,
409,201500017,42025,3,18:30,2,238.1,RHS,1,,,3,3,,,2,,,,,4,6,4,2,1,,,,1,,,2,,2,
410,201500018,42028,6,20:30,2,152.4,RHS,1,,,3,3,,,2,,,,,4,2,3,1,1,6,,,2,,,2,,2,
411,201500019,42030,1,15:30,2,193.9,RHS,3,,,4,4,,,3,,,,,4,7,2,1,6,6,,,2,,,,1,0,
412,201500020,42030,1,21:15,2,152.1,RHS,3,,,1,1,,,2,,,,,4,2,4,2,6,,,,1,1,,,,1,
413,201500021,42030,1,09:00,2,224.9,RHS,1,,,1,1,,,2,,,,,4,3,3,1,6,11,,,2,1,,2,,3,
414,201500022,42032,3,13:15,2,180.3,RHS,1,,,2,2,,,2,,,,,4,5,1,2,1,1,,,2,,2,,,2,
415,201500023,42032,3,17:15,2,160,RHS,3,,,4,4,,,4,,,,,4,1,2,4,5,10,,,2,,,,2,0,
416,201500024,42032,3,18:05,2,166.6,LHS,1,,,3,3,,,2,,,,,2,2,5,3,1,,,,1,,,1,,1,
417,201500025,42032,3,06:45,2,235,RHS,2,,,3,3,,,3,,,,,4,6,4,1,6,6,,,2,,,1,,1,
418,201500026,42032,3,20:00,2,242,RHS,3,,,3,3,,,4,,,,,4,4,3,2,3,5,,,2,,,1,,1,
419,201500027,42035,6,13:05,2,189.3,RHS,5,,,1,1,,,3,,,,,4,3,4,3,6,6,,,2,1,,,,1,
420,201500028,42035,6,20:40,2,168.9,RHS,1,,,2,2,3,,1,,,,,2,2,4,1,1,6,,,2,,1,1,,2,
421,201500029,42037,1,13:30,2,215,RHS,3,,,1,1,,,1,,,,,4,1,1,2,5,6,,,2,1,,,,1,
422,201500030,42037,1,16:30,2,236.2,LHS,3,,,3,3,,,3,,,,,4,2,3,1,1,6,,,2,,,1,,1,
423,201500031,42037,1,19:45,2,236.8,RHS,2,,,3,3,,,2,,,,,4,4,4,3,6,,,,1,,,1,,1,
424,201500032,42038,2,17:40,2,236.6,LHS,6,,,3,3,,,3,,,,,4,3,1,3,6,5,,,2,,,1,,1,
425,201500033,42039,3,03:30,2,214.1,LHS,3,,,3,3,,,3,,,,,4,2,2,2,6,1,,,2,,,1,,1,
426,201500034,42041,5,17:15,2,167,RHS,3,,,4,4,,,2,,,,,4,1,5,1,1,1,,,2,,,,1,0,
427,201500035,42042,6,07:15,2,152.4,RHS,6,,,3,3,,,2,,,,,4,3,1,2,6,,,,1,,,1,,1,
428,201500036,42045,2,19:30,2,166.1,RHS,1,,,3,3,,,2,,,,,4,4,3,1,11,1,,,2,,,1,,1,
429,201500037,42045,2,23:20,2,200.7,LHS,3,,,4,4,,,4,,,,,4,4,4,2,10,,,,1,,,,1,0,
430,201500038,42047,4,17:00,2,242.1,RHS,3,,,3,3,,,3,,,,,4,8,1,2,10,,,,1,,,4,,4,
431,201500039,42049,6,06:30,2,191.7,RHS,6,,,3,3,,,2,,,,,4,1,4,1,6,,,,1,,,2,,2,
432,201500040,42049,6,18:20,2,151,RHS,1,,,4,4,,,2,,,,,4,7,2,1,1,1,,,2,,,,1,0,
433,201500041,42051,1,02:10,2,191,LHS,1,,,4,4,,,4,,,,,4,3,1,2,11,1,,,2,,,,1,0,
434,201500042,42052,2,19:05,2,180.5,LHS,2,,,2,2,,,4,,,,,2,3,3,3,1,,,,1,,1,,,1,
435,201500043,42053,3,10:00,2,152.4,RHS,1,,,1,1,,,4,,,,,4,1,4,1,1,,,,1,7,,,,7,
436,201500044,42053,3,12:30,2,221,RHS,3,,,2,2,,,2,,,,,4,4,1,3,5,,,,1,,2,,,2,
437,201500045,42054,4,00:35,2,240,LHS,3,,,3,3,,,3,,,,,4,2,3,2,5,6,,,2,,,4,,4,
438,201500046,42054,4,12:30,2,229.5,RHS,3,,,3,3,,,1,,,,,4,3,1,1,10,,,,1,,,1,,1,
439,201500047,42054,4,16:30,2,218,RHS,1,,,4,4,,,3,,,,,4,1,2,2,6,1,,,2,,,,1,0,
440,201500048,42056,6,11:32,2,189,LHS,3,,,3,3,,,1,,,,,4,4,4,8,5,1,,,2,,,1,,1,
441,201500049,42056,6,15:10,2,179.8,LHS,3,,,3,3,,,2,,,,,4,2,5,1,6,9,,,2,,,1,,1,
442,201500050,42056,6,05:45,2,218.6,LHS,1,,,3,3,,,2,,,,,4,3,2,3,5,,,,1,,,1,,1,
443,201500051,42057,7,14:39,2,179,RHS,3,,,3,3,,,4,,,,,4,4,3,1,9,,,,1,,,1,,1,
444,201500052,42058,1,01:07,2,190.2,LHS ,2,,,2,2,3,,2,,,,,2,1,4,4,1,8,,,2,,1,1,,2,
445,201500053,42058,1,21:55,2,167.2,LHS,1,,,2,2,,,2,,,,,2,3,1,3,1,,,,1,,1,,,1,
446,201500054,42061,4,18:00,2,240.2,LHS,3,,,3,3,,,2,,,,,4,6,5,2,11,9,,,2,,,2,,2,
447,201500055,42061,4,20:45,2,246.4,LHS,3,,,3,3,,,4,,,,,4,4,2,1,6,1,,,2,,,2,,2,
448,201500056,42062,5,16:40,2,208.5,RHS,3,,,2,2,,,4,,,,,4,2,3,4,6,,,,1,,2,,,2,
449,201500057,42063,6,16:50,2,173.8,RHS,1,,,3,3,,,2,,,,,4,1,1,1,11,6,,,2,,,2,,2,
450,201500058,42064,7,19:40,2,185.3,RHS,2,,,3,3,,,4,,,,,4,2,5,1,5,5,,,2,,,2,,2,
451,201500059,42068,4,19:00,2,197.7,LHS,1,,,2,2,,,3,,,,,4,1,1,1,5,10,,,2,,1,,,1,
452,201500060,42068,4,17:30,2,197.6,RHS,6,,,3,3,,,1,,,,,4,1,1,10,1,,,,1,,,1,,1,
453,201500061,42069,5,22:25,2,186.1,LHS,2,,,3,3,,,4,,,,,4,2,3,2,1,,,,1,,,2,,2,
454,201500062,42069,5,02:00,2,209.5,LHS,3,,,3,3,,,2,,,,,4,8,1,3,7,,,,1,,,2,,2,
455,201500063,42069,5,12:30,2,212.8,RHS,3,,,1,1,,,4,,,,,4,1,2,10,6,,,,1,1,,,,1,
456,201500064,42070,6,11:30,2,213.8,LHS,3,,,3,3,,,3,,,,,4,1,2,2,1,1,,,2,,,2,,2,
457,201500065,42071,7,17:30,2,188,RHS,6,,,3,3,,,1,,,,,4,1,1,10,14,5,,,2,,,2,,2,
458,201500066,42071,7,20:40,2,185.3,RHS,1,,,3,3,,,1,,,,,4,2,1,2,5,9,,,2,,,2,,2,
459,201500067,42073,2,18:35,2,204.5,RHS,2,,,3,3,,,4,,,,,4,8,5,1,11,6,,,2,,,1,,1,
460,201500068,42075,4,21:00,2,219.5,LHS,1,,,3,3,,,2,,,,,4,4,1,2,6,,,,1,,,2,,2,
461,201500069,42076,5,05:30,2,233.6,LHS,1,,,3,3,,,2,,,,,4,2,3,1,6,13,,,2,,,3,,3,
462,201500070,42076,5,20:30,2,240.5,LHS,1,,,3,3,,,1,,,,,4,2,4,2,6,1,,,2,,,2,,2,
463,201500071,42078,7,20:40,2,176.3,RHS,3,,,4,4,,,3,,,,,4,4,2,1,6,,,,1,,,,1,0,
464,201500072,42079,1,02:40,2,186.4,LHS,3,,,4,4,,,2,,,,,4,2,1,2,1,,,,1,,,,1,0,
465,201500073,42083,5,17:10,2,168.5,RHS,1,,,4,4,,,3,,,,,4,1,3,10,6,,,,1,,,,1,0,
466,201500074,42083,5,18:33,2,189.2,RHS,3,,,3,3,,,2,,,,,4,1,3,1,11,1,,,2,,,1,,1,
467,201500075,42084,6,14:55,2,204.2,RHS,1,,,3,3,,,3,,,,,4,2,1,10,11,1,,,2,,,2,,2,
468,201500076,42084,6,00:35,2,250.1,LHS,3,,,3,3,,,4,,,,,4,1,4,3,10,,,,1,,,1,,1,
469,201500077,42086,1,02:05,2,177.6,LHS,1,,,4,4,,,4,,,,,4,8,5,3,1,6,,,2,,,,1,0,
470,201500078,42086,1,21:30,2,185.3,RHS,2,,,3,3,,,2,,,,,4,4,3,2,1,,,,1,,,2,,2,
471,201500079,42086,1,16:15,2,234.8,LHS,3,,,3,3,,,3,,,,,4,1,2,10,5,5,,,2,,,1,,1,
472,201500080,42089,4,10:30,2,181.8,RHS,3,,,2,2,3,,4,,,,,4,2,4,2,5,13,,,2,,1,1,,2,
473,201500081,42089,4,16:30,2,197.8,LHS,3,,,2,2,,,3,,,,,4,1,2,10,2,13,,,2,,1,,,1,
474,201500082,42089,4,20:30,2,225.5,LHS,1,,,3,3,,,2,,,,,4,4,1,2,11,6,,,2,,,3,,3,
475,201500083,42090,5,03:30,2,219.8,RHS,5,,,3,3,,,2,,,,,4,3,4,3,6,6,,,2,,,2,,2,
476,201500084,42090,5,23:30,2,225.5,LHS,1,,,3,3,,,2,,,,,4,2,1,1,11,6,,,2,,,2,,2,
477,201500085,42091,6,12:30,2,230.4,RHS,1,,,2,2,,,1,,,,,4,2,3,10,6,,,,1,,1,,,1,
478,201500086,42091,6,22:40,2,202.7,LHS,1,,,3,3,,,2,,,,,4,3,2,2,5,,,,1,,,3,,3,
479,201500087,42092,7,19:00,2,195.1,RHS,3,,,1,1,,,1,,,,,4,4,1,1,14,,,,1,1,,,,1,
480,201500088,42092,7,11:35,2,245,RHS,3,,,4,4,,,3,,,,,4,5,4,3,6,10,,,2,,,,1,0,
481,201500089,42092,7,17:10,2,222.2,RHS,3,,,3,3,,,3,,,,,4,2,2,10,10,,,,1,,,1,,1,
482,201500090,42094,2,01:30,2,157.1,LHS,1,,,2,2,,,2,,,,,4,3,1,2,11,9,,,2,,1,,,1,
483,201500091,42095,3,19:30,2,201,RHS,3,,,3,3,,,4,,,,,4,1,1,2,5,5,,,2,,,1,,1,
484,201500092,42095,3,23:10,2,166.8,LHS,3,,,3,3,,,2,,,,,4,5,4,3,5,3,,,2,,,3,,3,
485,201500093,42096,4,01:05,2,170,RHS,1,,,3,3,,,3,,,,,4,2,2,3,11,14,,,2,,,2,,2,
486,201500094,42096,4,16:50,2,194.4,RHS,3,,,3,3,,,2,,,,,4,4,6,1,5,9,,,2,,,1,,1,
487,201500095,42097,5,06:30,2,207.8,LHS,1,,,3,3,,,2,,,,,4,3,2,1,5,5,14,,3,,,1,,1,
488,201500096,42098,6,21:00,2,219.8,RHS,1,,,3,3,,,2,,,,,4,2,3,2,5,1,,,2,,,2,,2,
489,201500097,42099,7,16:25,2,241.4,RHS,3,,,4,4,,,4,,,,,4,1,4,1,11,5,,,2,,,,1,0,
490,201500098,42101,2,08:05,2,192.2,RHS,2,,,4,4,,,3,,,,,4,4,1,2,11,3,,,2,,,,1,0,
491,201500099,42101,2,20:05,2,174.4,RHS,3,,,1,1,2,,2,,,,,4,5,2,1,1,,,,1,1,2,,,3,
492,201500100,42102,3,16:25,2,183.4,LHS,2,,,2,2,,,1,,,,,4,6,3,2,5,1,,,2,,1,,,1,
493,201500101,42102,3,20:35,2,156.1,LHS,1,,,1,1,,,1,,,,,4,3,1,1,5,13,,,2,1,,,,1,
494,201500102,42103,4,06:15,2,203.2,LHS,1,,,2,2,,,2,,,,,4,1,4,3,5,5,,,2,,2,,,2,
495,201500103,42104,5,00:45,2,241.8,RHS,1,,,2,2,,,2,,,,,4,4,2,3,1,6,,,2,,1,,,1,
496,201500104,42106,7,18:10,2,200.1,RHS,3,,,2,2,,,3,,,,,4,2,1,1,11,6,,,2,,1,,,1,
497,201500105,42106,7,12:00,2,236,LHS,3,,,3,3,,,3,,,,,4,2,2,1,3,1,,,2,,,2,,2,
498,201500106,42107,1,00:20,2,185.2,RHS,1,,,3,3,,,2,,,,,4,1,3,3,1,1,,,2,,,1,,1,
499,201500107,42107,1,11:15,2,160,RHS,3,,,4,4,,,2,,,,,4,5,4,2,1,9,,,2,,,,1,0,
500,201500108,42107,1,13:30,2,222,RHS,1,,,3,3,,,1,,,,,4,3,5,1,11,1,,,2,,,2,,2,
501,201500109,42108,2,19:20,2,191.8,LHS,1,,,3,3,,,3,,,,,4,4,1,2,1,,,,1,,,1,,1,
502,201500110,42109,3,10:30,2,167.9,RHS,3,,,3,3,,,4,,,,,4,1,3,1,5,,,,1,,,1,,1,
503,201500111,42110,4,09:45,2,179.5,LHS,3,,,3,3,,,2,,,,,4,2,4,3,6,,,,1,,,1,,1,
504,201500112,42111,5,07:15,2,169.6,RHS,3,,,1,1,2,,2,,,,,4,5,1,3,6,,,,1,1,1,,,2,
505,201500113,42111,5,11:35,2,163.8,LHS,1,,,4,4,,,3,,,,,4,1,2,2,5,5,,,2,,,,1,0,
506,201500114,42111,5,10:20,2,212.6,RHS,2,,,3,3,,,2,,,,,4,4,5,1,5,13,,,2,,,1,,1,
507,201500115,42112,6,07:20,2,177,LHS,3,,,3,3,,,3,,,,,4,5,1,1,5,6,,,2,,,1,,1,
508,201500116,42112,6,22:45,2,237,RHS,3,,,1,1,,,2,,,,,4,3,4,2,11,5,,,2,1,,,,1,
509,201500117,42113,7,12:50,2,177.2,RHS,1,,,3,3,,,1,,,,,4,1,4,1,1,1,,,2,,,1,,1,
510,201500118,42113,7,12:20,2,237,LHS,3,,,3,3,,,2,,,,,4,3,2,1,1,1,,,2,,,1,,1,
511,201500119,42117,4,19:00,2,165.8,RHS,1,,,2,2,,,3,,,,,4,2,3,2,10,1,,,2,,1,,,1,
512,201500120,42117,4,23:55,2,238,LHS,1,,,2,2,,,3,,,,,4,4,1,3,6,,,,1,,1,,,1,
513,201500121,42120,7,20:40,2,191,RHS,2,,,3,3,,,2,,,,,4,2,2,3,6,5,,,2,,,1,,1,
514,201500122,42121,1,23:45,2,200.4,RHS,1,,,3,3,,,2,,,,,4,3,3,2,6,,,,1,,,1,,1,
515,201500123,42122,2,11:00,2,184.2,RHS,3,,,3,3,,,3,,,,,4,4,1,1,6,,,,1,,,1,,1,
516,201500124,42123,3,16:45,2,184.4,LHS,1,,,3,3,,,2,,,,,4,2,3,2,5,13,,,2,,,1,,1,
517,201500125,42125,5,21:15,2,151.2,RHS,3,,,1,1,2,,2,,,,,4,1,4,1,5,,,,1,1,1,,,2,
518,201500126,42125,5,00:30,2,242,RHS,3,,,3,3,,,3,,,,,4,4,2,2,5,10,,,2,,,2,,2,
519,201500127,42126,6,01:30,2,166.8,RHS,2,,,3,3,,,2,,,,,4,2,1,3,6,,,,1,,,2,,2,
520,201500128,42126,6,11:35,2,173.15,LHS,3,,,3,3,,,3,,,,,2,1,4,1,11,1,,,2,,,2,,2,
521,201500129,42127,7,17:10,2,166.1,RHS,1,,,3,3,,,2,,,,,4,3,3,1,5,6,,,2,,,6,,6,
522,201500130,42127,7,17:30,2,207.6,RHS,3,,,1,1,,,3,,,,,4,4,2,2,6,13,,,2,3,,,,3,
523,201500131,42128,1,14:00,2,216.8,LHS,3,,,3,3,,,2,,,,,4,2,1,2,1,6,,,2,,,1,,1,
524,201500132,42129,2,16:45,2,162,LHS,1,,,3,3,,,3,,,,,4,3,3,2,1,,,,1,,,2,,2,
525,201500133,42130,3,21:20,2,217.8,RHS,3,,,2,2,,,2,,,,,4,1,2,1,5,1,,,2,,1,,,1,
526,201500134,42131,4,17:30,2,230,RHS,1,,,2,2,,,1,,,,,4,2,1,2,14,6,,,2,,1,,,1,
527,201500135,42132,5,08:40,2,175.6,RHS,1,,,3,3,,,2,,,,,4,3,3,1,10,1,,,2,,,1,,1,
528,201500136,42133,6,09:50,2,228,RHS,3,,,3,3,,,2,,,,,4,1,2,2,6,,,,1,,,1,,1,
529,201500137,42134,7,16:00,2,186.1,LHS,1,,,3,3,,,1,,,,,4,2,1,2,6,,,,1,,,1,,1,
530,201500138,42134,7,02:00,2,206.4,RHS,3,,,4,4,,,3,,,,,4,3,4,3,6,,,,1,,,,1,0,
531,201500139,42134,7,23:30,2,222.6,LHS,1,,,3,3,,,3,,,,,4,2,1,2,11,6,,,2,,,1,,1,
532,201500140,42135,1,11:45,2,178.4,RHS,3,,,3,3,,,2,,,,,4,4,1,1,6,,,,1,,,1,,1,
533,201500141,42135,1,17:15,2,179.2,RHS,3,,,3,3,,,2,,,,,4,1,2,2,11,1,,,2,,,1,,1,
534,201500142,42136,2,02:30,2,229,LHS,1,,,2,2,,,3,,,,,4,2,3,3,1,1,,,2,,1,,,1,
535,201500143,42136,2,18:10,2,239.6,RHS,1,,,3,3,,,3,,,,,4,3,3,2,6,,,,1,,,1,,1,
536,201500144,42137,3,18:30,2,167.1,RHS,3,,,4,4,,,2,,,,,4,2,4,2,1,9,,,2,,,,1,0,
537,201500145,42137,3,23:30,2,226,LHS,3,,,4,4,,,3,,,,,4,3,3,1,1,,,,1,,,,1,0,
538,201500146,42138,4,09:25,2,166.1,RHS,1,,,3,3,,,2,,,,,4,1,2,2,2,,,,1,,,2,,2,
539,201500147,42139,5,01:30,2,222,LHS,1,,,4,4,,,4,,,,,4,2,2,1,11,1,,,2,,,,1,0,
540,201500148,42139,5,17:45,2,235.2,LHS,2,,,3,3,,,1,,,,,4,2,3,2,1,1,,,2,,,2,,2,
541,201500149,42142,1,01:20,2,164.4,RHS,4,,,2,2,,,3,,,,,2,3,1,2,5,14,,,2,,1,,,1,
542,201500150,42142,1,05:55,2,176,RHS,6,,,4,4,,,3,,,,,4,4,1,2,1,,,,1,,,,1,0,
543,201500151,42142,1,23:40,2,226.2,RHS,1,,,3,3,,,1,,,,,4,2,4,1,6,6,,,2,,,1,,1,
544,201500152,42143,2,20:10,2,193.6,RHS,3,,,2,2,,,2,,,,,4,1,3,2,5,1,,,2,,1,,,1,
545,201500153,42145,4,16:50,2,169.2,RHS,7,,,4,4,,,3,,,,,4,1,3,1,1,,,,1,,,,1,0,
546,201500154,42146,5,16:40,2,217.2,RHS,3,,,4,4,,,2,,,,,4,3,2,2,6,,,,1,,,,1,0,
547,201500155,42147,6,21:30,2,241.2,RHS,3,,,3,3,,,2,,,,,4,1,1,3,6,,,,1,,,2,,2,
548,201500156,42148,7,14:30,2,197.6,LHS,3,,,2,2,,,3,,,,,4,3,2,4,5,1,,,2,,1,,,1,
549,201500157,42149,1,17:30,2,169.6,RHS,2,,,2,2,3,,2,,,,,4,4,2,2,3,5,,,2,,1,2,,3,
550,201500158,42149,1,12:25,2,204.6,LHS,3,,,4,4,,,3,,,,,4,1,3,2,5,5,,,2,,,,1,0,
551,201500159,42149,1,17:30,2,223,RHS,3,,,3,3,,,3,,,,,4,1,1,2,5,6,,,2,,,1,,1,
552,201500160,42150,2,20:10,2,227.25,LHS,1,,,3,3,,,2,,,,,4,3,2,1,1,1,,,2,,,1,,1,
553,201500161,42152,4,00:40,2,162,RHS,1,,,4,4,,,2,,,,,4,2,4,3,5,1,,,2,,,,1,0,
554,201500162,42152,4,09:30,2,200.2,LHS,3,,,4,4,,,3,,,,,4,2,3,2,5,5,,,2,,,,1,0,
555,201500163,42152,4,10:15,2,166.6,LHS,1,,,3,3,,,2,,,,,4,4,2,1,5,,,,1,,,1,,1,
556,201500164,42153,5,20:20,2,177.4,RHS,1,,,2,2,,,2,,,,,4,1,1,2,5,13,,,2,,1,,,1,
557,201500165,42154,6,21:00,2,180.6,LHS,2,,,3,3,,,1,,,,,4,3,4,1,5,5,,,2,,,1,,1,
558,201500166,42155,7,07:00,2,214.7,LHS,1,,,4,4,,,1,,,,,4,1,3,3,1,6,,,2,,,,1,0,
559,201500167,42155,7,16:30,2,235,RHS,3,,,4,4,,,3,,,,,4,2,1,2,5,13,,,2,,,,1,0,
560,201500168,42155,7,19:30,2,211.2,LHS,3,,,3,3,,,2,,,,,4,2,2,1,6,6,,,2,,,1,,1,
561,201500169,42156,1,00:40,2,150.2,RHS,1,,,4,4,,,2,,,,,4,1,1,3,5,,,,1,,,,1,0,
562,201500170,42156,1,18:15,2,216,RHS,1,,,4,4,,,3,,,,,4,4,3,1,1,1,,,2,,,,1,0,
563,201500171,42156,1,19:45,2,245.2,RHS,1,,,2,2,,,2,,,,,4,2,4,2,1,6,,,2,,1,,,1,
564,201500172,42160,5,03:00,2,178.6,RHS,2,,,3,3,,,4,,,,,4,3,1,3,5,,,,1,,,1,,1,
565,201500173,42162,7,23:50,2,159.1,RHS,3,,,2,2,,,2,3,,,,2,4,2,4,5,,,,1,,3,,,3,
566,201500174,42162,7,12:30,2,229.2,LHS,3,,,3,3,,,2,,,,,4,1,3,1,6,,,,1,,,1,,1,
567,201500175,42165,3,14:20,2,239.4,LHS,2,,,2,2,,,2,,,,,4,2,1,2,1,3,,,2,,1,,,1,
568,201500176,42165,3,20:10,2,239.2,LHS,3,,,3,3,,,2,,,,,4,2,2,1,1,1,5,,3,,,2,,2,
569,201500177,42166,4,00:00,2,191,LHS,2,,,4,4,,,2,,,,,4,3,3,3,1,6,,,2,,,,1,0,
570,201500178,42166,4,11:15,2,173.3,RHS,3,,,2,2,,,3,,,,,4,4,4,4,1,1,,,2,,1,,,1,
571,201500179,42166,4,00:20,2,210.2,LHS,5,,,3,3,,,1,,,,,4,1,2,3,1,5,,,2,,,2,,2,
572,201500180,42166,4,17:54,2,210.2,LHS,1,,,3,3,,,2,,,,,4,2,1,2,1,1,,,2,,,3,,3,
573,201500181,42167,5,18:25,2,169.35,RHS,7,,,4,4,,,3,,,,,4,2,3,1,5,6,,,2,,,,1,0,
574,201500182,42167,5,14:20,2,228,RHS,1,,,3,3,,,1,,,,,4,1,2,1,6,,,,1,,,1,,1,
575,201500183,42168,6,13:00,2,179.9,RHS,2,,,3,3,,,2,,,,,4,2,1,2,5,,,,1,,,1,,1,
576,201500184,42169,7,07:50,2,232.2,RHS,1,,,4,4,,,3,,,,,4,1,2,2,7,5,,,2,,,,1,0,
577,201500185,42170,1,08:30,2,189.8,LHS,1,,,3,3,,,1,,,,,4,3,1,1,6,,,,1,,,2,,2,
578,201500186,42170,1,11:20,2,191.8,LHS,3,,,3,3,,,4,,,,,4,2,3,2,6,6,,,2,,,2,,2,
579,201500187,42172,3,01:10,2,239.5,RHS,3,,,3,3,,,2,,,,,4,3,1,4,1,,,,1,,,1,,1,
580,201500188,42172,3,16:20,2,242,LHS,1,,,3,3,,,2,,,,,4,1,2,2,6,,,,1,,,1,,1,
581,201500189,42174,5,08:40,2,177.6,RHS,2,,,3,3,,,3,,,,,4,2,4,2,7,1,,,2,,,1,,1,
582,201500190,42174,5,10:30,2,175.4,RHS,3,,,2,2,3,,1,,,,,4,4,2,3,5,1,,,2,,1,1,,2,
583,201500191,42177,1,18:30,2,242.6,LHS,2,,,3,3,,,2,,,,,4,3,1,2,6,,,,1,,,1,,1,
584,201500192,42179,3,14:50,2,221.7,LHS,3,,,2,2,,,2,,,,,4,4,3,2,6,1,,,2,,1,,,1,
585,201500193,42180,4,11:10,2,170.3,LHS,1,,,2,2,3,,1,,,,,4,1,4,3,6,9,,,2,,1,1,,2,
586,201500194,42180,4,21:20,2,185.6,RHS,2,,,1,1,2,,2,,,,,2,1,3,2,7,7,,,2,1,2,,,3,
587,201500195,42180,4,21:30,2,216,RHS,1,,,3,3,,,3,,,,,4,4,2,1,5,6,,,2,,,1,,1,
588,201500196,42183,7,23:50,2,168.8,LHS,2,,,2,2,,,2,,,,,4,2,1,2,6,,,,1,,1,,,1,
589,201500197,42184,1,00:45,2,233.6,LHS,2,,,2,2,,,2,,,,,4,1,2,2,6,6,,,2,,1,,,1,
590,201500198,42185,2,01:30,2, ,RHS,3,,,1,1,,,2,,,,,4,2,2,3,6,,,,1,1,,,,1,
591,201500199,42185,2,13:45,2,227,LHS,2,,,2,2,,,3,,,,,4,1,1,2,6,,,,1,,2,,,2,
592,201500200,42185,2,16:00,2,228.4,RHS,1,,,3,3,,,1,,,,,4,2,4,1,1,1,,,2,,,1,,1,
593,201500201,42185,2,23:10,2,234.6,RHS,1,,,3,3,,,2,,,,,4,4,3,2,5,6,,,2,,,1,,1,
594,201500202,42185,2,17:00,2,168,RHS,2,,,3,3,,,2,,,,,4,4,2,2,6,1,,,2,,,1,,1,