Sl No,Accident_Index,Date,Day_of_Week,Time_of_Accident,Accident_Location_A,Accident_Location_A_Chainage_km,Accident_Location_A_Chainage_km_RoadSide,Nature_of_Accident_B1,Nature_of_Accident_B2,Nature_of_Accident_B3,Accident_Severity_C,Classification_of_Accident_C1,Classification_of_Accident_C2,Classification_of_Accident_C3,Causes_D1,Causes_D2,Causes_D3,Causes_D4,Causes_D5,Road_Feature_E,Road_Condition_F,Intersection_Type_G,Weather_Conditions_H,Vehicle_Type_Involved_J_V1,Vehicle_Type_Involved_J_V2,Vehicle_Type_Involved_J_V3,Vehicle_Type_Involved_J_V4,Number_of_Vehicles,Number_of_Casualties_Fatel,Number_of_Casualties_GrievousInjury,Number_of_Casualties_MinorInjury,Number_of_Casualties_NotInjured,Number_of_Casualties,Remarks
595,201500203,42188,5,04:45,2,181.1,RHS,3,,,4,4,,,4,,,,,4,1,2,3,6,,,,1,,,,1,0,
596,201500204,42189,6,03:00,2,214.4,LHS,2,,,2,2,,,2,,,,,4,4,3,2,6,,,,1,,2,,,2,
597,201500205,42190,7,23:35,2,231.2,LHS,1,,,2,2,,,3,,,,,4,2,4,1,6,,,,1,,2,,,2,
598,201500206,42191,1,23:20,2,166.9,LHS,1,,,3,3,,,1,,,,,4,4,5,3,5,5,,,2,,,1,,1,
599,201500207,42191,1,00:05,2,247,LHS,3,,,2,2,,,2,,,,,4,3,2,1,5,1,,,2,,2,,,2,
600,201500208,42193,3,09:30,2,231,LHS,3,,,3,3,,,4,,,,,4,1,3,2,1,,,,1,,,1,,1,
601,201500209,42195,5,16:10,2,234.6,RHS,2,,,3,3,,,2,,,,,4,3,1,2,6,,,,1,,,4,,4,
602,201500210,42195,5,21:15,2,216.3,LHS,3,,,3,3,,,3,,,,,4,1,4,1,5,6,,,2,,,2,,2,
603,201500211,42196,6,11:00,2,181.8,LHS,2,,,2,2,3,,2,,,,,4,2,2,3,3,5,,,2,,1,1,,2,
604,201500212,42197,7,17:15,2,217.3,RHS,3,,,3,3,,,2,,,,,4,4,3,3,6,6,,,2,,,1,,1,
605,201500213,42198,1,10:15,2,189,LHS,3,,,2,2,,,3,,,,,4,3,1,3,10,6,,,2,,1,,,1,
606,201500214,42198,1,13:57,2,188,LHS,3,,,2,2,,,2,,,,,4,1,2,1,1,6,,,2,,1,,,1,
607,201500215,42200,3,17:10,2,153,RHS,2,,,3,3,,,2,,,,,4,2,4,2,10,1,,,2,,,3,,3,
608,201500216,42202,5,19:20,2,184.4,RHS,3,,,2,2,,,2,,,,,4,2,3,1,1,6,,,2,,1,,,1,
609,201500217,42202,5,14:30,2,230.2,RHS,8,,,2,2,,,5,,,,,4,4,2,1,5,6,,,2,,1,,,1,
610,201500218,42202,5,14:35,2,241.6,LHS,6,,,4,4,,,2,,,,,4,4,1,3,6,6,,,2,,,,1,0,
611,201500219,42202,5,16:15,2,209,LHS,1,,,2,2,,,2,,,,,4,2,3,2,1,5,,,2,,1,,,1,
612,201500220,42203,6,00:05,2,155.2,RHS,3,,,2,2,,,3,,,,,4,1,4,2,5,,,,1,,1,,,1,
613,201500221,42204,7,22:15,2,185.2,LHS,6,,,4,4,,,3,,,,,4,3,2,3,5,,,,1,,,,1,0,
614,201500222,42204,7,23:00,2,192.8,LHS,2,,,4,4,,,2,,,,,4,2,3,1,6,,,,1,,,,1,0,
615,201500223,42204,7,09:30,2,248.8,LHS,1,,,3,3,,,1,,,,,4,2,1,2,5,9,,,2,,,1,,1,
616,201500224,42204,7,16:30,2,244.8,LHS,2,,,4,4,,,4,,,,,4,1,4,3,1,1,,,2,,,,1,0,
617,201500225,42204,7,15:15,2,218.6,RHS,1,,,3,3,,,2,,,,,4,1,2,2,5,1,,,2,,,4,,4,
618,201500226,42206,2,10:45,2,233,RHS,3,,,2,1,,,3,,,,,4,2,3,1,6,,,,1,,1,,,1,
619,201500227,42208,4,01:05,2,158.2,RHS,6,,,4,4,,,3,,,,,4,3,1,2,14,14,,,2,,,,1,0,
620,201500228,42208,4,10:10,2,189.8,LHS,6,,,2,2,,,3,,,,,4,4,5,1,1,,,,1,,1,,,1,
621,201500229,42209,5,10:00,2,176.8,LHS,2,,,4,4,,,2,,,,,4,4,2,2,14,6,,,2,,,,1,0,
622,201500230,42210,6,17:15,2,165,RHS,3,,,4,4,,,3,,,,,2,2,3,3,5,,,,1,,,,1,0,
623,201500231,42210,6,15:12,2,230.2,LHS,1,,,3,3,,,2,,,,,4,1,1,2,5,,,,1,,,1,,1,
624,201500232,42211,7,13:45,2,201.4,LHS,1,,,4,4,,,2,,,,,4,1,3,1,1,7,,,2,,,,1,0,
625,201500233,42213,2,00:20,2,204.8,LHS,3,,,2,2,,,3,,,,,4,2,1,1,1,1,,,2,,4,,,4,
626,201500234,42214,3,13:30,2,197,RHS,2,,,1,1,2,,4,,,,,4,4,3,2,6,,,,1,1,1,,,2,
627,201500235,42215,4,05:55,2,222.4,LHS,8,,,2,2,,,3,,,,,4,4,9,3,1,,,,1,,1,,,1,
628,201500236,42216,5,19:05,2,196.9,RHS,2,,,2,2,,,2,,,,,4,4,9,1,1,5,,,2,,1,,,1,
629,201500237,42216,5,21:00,2,188.4,RHS,8,,,2,2,,,1,,,,,4,4,5,1,5,6,,,2,,1,,,1,
630,201700001,42737,1,04:50,2,176,LHS,1,,,2,2,,,2,,,,,2,1,9,3,5,,,,1,,6,2,,8,
631,201700002,42737,1,20:30,2,155.2,LHS,3,,,4,4,,,3,,,,,2,4,1,2,1,6,,,2,,,,1,0,
632,201700003,42738,2,13:30,2,241.8,RHS,3,,,3,3,,,2,,,,,2,1,9,1,6,,,,1,,,1,,1,
633,201700004,42740,4,12:30,2,164.9,LHS,3,,,1,1,,,2,,,,,2,2,1,1,1,,,,1,1,1,,,2,
634,201700005,42740,4,03:10,2,242.8,LHS,1,,,4,4,,,2,,,,,2,2,2,3,10,,,,1,,,,1,0,
635,201700006,42740,4,15:10,2,220.8,LHS,6,,,3,3,,,2,,,,,2,2,1,1,11,,,,1,,,2,,2,
636,201700007,42741,5,21:30,2,231.4,LHS,3,,,1,1,,,3,,,,,2,1,1,1,5,,,,1,4,,,,4,
637,201700008,42742,6,20:35,2,240,LHS,1,,,2,2,,,1,,,,,2,2,9,1,14,,,,1,,2,,,2,
638,201700009,42743,7,20:45,2,166.8,RHS,3,,,1,1,,,1,,,,,2,2,2,1,6,,,,1,1,,,,1,
639,201700010,42743,7,16:05,2,230.8,RHS,3,,,3,3,,,3,,,,,2,1,1,2,1,,,,1,,,1,,1,
640,201700011,42744,1,01:05,2,151.5,LHS,1,,,4,4,,,3,,,,,2,2,9,3,6,,,,1,,,,1,0,
641,201700012,42744,1,20:40,2,152,RHS,3,,,2,2,,,2,,,,,2,2,1,1,11,,,,1,,1,,,1,
642,201700013,42745,2,19:40,2,244.6,LHS,1,,,3,3,,,2,,,,,2,4,9,2,1,,,,1,,,1,,1,
643,201700014,42745,2,08:40,2,174,RHS,1,,,2,2,,,1,,,,,1,2,9,2,1,,,,1,,1,,,1,
644,201700015,42747,4,21:40,2,161.8,RHS,3,,,2,2,,,3,,,,,2,1,9,2,11,,,,1,,1,,,1,
645,201700016,42748,5,19:20,2,175.3,RHS,3,,,3,3,,,1,,,,,1,1,9,1,1,,,,1,,,1,,1,
646,201700017,42748,5,14:15,2,235.4,RHS,3,,,3,3,,,2,,,,,2,2,2,1,6,,,,1,,,1,,1,
647,201700018,42750,7,19:50,2,244.6,RHS,1,,,3,3,,,2,,,,,2,1,9,1,5,,,,1,,,1,,1,
648,201700019,42750,7,21:02,2,238.8,LHS,1,,,3,3,,,2,,,,,2,2,9,2,6,,,,1,,,1,,1,
649,201700020,42751,1,18:55,2,176.8,LHS,1,,,2,2,,,2,,,,,2,1,2,1,5,,,,1,,1,,,1,
650,201700021,42751,1,08:30,2,221.4,LHS,3,,,2,2,,,3,,,,,2,2,9,1,6,,,,1,,1,1,,2,
651,201700022,42751,1,13:50,2,241.3,RHS,3,,,3,3,,,3,,,,,2,1,2,2,6,,,,1,,,1,,1,
652,201700023,42752,2,19:46,2,186.2,RHS,3,,,2,2,,,2,,,,,1,1,9,1,6,,,,1,,3,,,3,
653,201700024,42754,4,14:50,2,188.1,LHS,3,,,3,3,,,2,,,,,2,1,2,2,1,,,,1,,,1,,1,
654,201700025,42756,6,19:20,2,190.2,LHS,2,,,2,2,,,1,,,,,2,1,1,1,5,,,,1,,1,,,1,
655,201700026,42756,6,11:40,2,204.6,LHS,3,,,4,4,,,3,,,,,2,4,1,1,1,,,,1,,,,1,0,
656,201700027,42756,6,10:45,2,183.1,LHS,3,,,4,4,,,3,,,,,2,2,9,1,1,,,,1,,,,1,0,
657,201700028,42757,7,02:00,2,223,RHS,3,,,4,4,,,2,,,,,2,2,3,3,11,,,,1,,,,1,0,
658,201700029,42757,7,19:30,2,233.9,RHS,1,,,4,4,,,2,,,,,2,4,9,2,5,,,,1,,,,1,0,
659,201700030,42759,2,10:30,2,207.2,LHS,3,,,4,4,,,3,,,,,2,1,9,1,1,,,,1,,,,1,0,
660,201700031,42759,2,12:05,2,219.6,LHS,3,,,3,3,,,2,,,,,2,2,9,2,1,,,,1,,,2,,2,
661,201700032,42759,2,20:25,2,235.4,LHS,3,,,2,2,,,2,,,,,2,1,3,1,1,,,,1,,2,,,2,
662,201700033,42760,3,17:30,2,228.6,LHS,3,,,3,3,,,2,,,,,2,4,1,1,1,,,,1,,,1,,1,
663,201700034,42761,4,09:30,2,237.6,LHS,3,,,2,2,,,3,,,,,2,1,9,2,6,,,,1,,1,,,1,
664,201700035,42761,4,19:35,2,228,LHS,2,,,2,2,,,3,,,,,2,4,1,1,11,,,,1,,1,2,,3,
665,201700036,42761,4,00:45,2,198.8,LHS,3,,,4,4,,,3,,,,,2,4,9,3,14,,,,1,,,,1,0,
666,201700037,42765,1,14:40,2,177.5,RHS,1,,,2,2,,,2,,,,,1,4,9,2,6,,,,1,,1,,,1,
667,201700038,42765,1,15:00,2,219.8,LHS,3,,,3,3,,,2,,,,,2,1,3,2,1,,,,1,,,1,,1,
668,201700039,42768,4,13:32,2,232,RHS,3,,,3,3,,,2,,,,,2,1,7,2,1,,,,1,,,1,,1,
669,201700040,42768,4,19:15,2,237.8,RHS,3,,,3,3,,,2,,,,,2,1,9,2,6,,,,1,,,1,,1,
670,201700041,42769,5,22:25,2,245.5,LHS,1,,,2,2,,,3,,,,,2,2,9,2,11,,,,1,,1,,,1,
671,201700042,42770,6,11:45,2,184.95,LHS,1,,,2,2,,,2,,,,,2,1,9,1,11,,,,1,,1,1,,2,
672,201700043,42771,7,09:30,2,179,LHS,4,,,4,4,,,3,,,,,2,1,9,1,11,,,,1,,,,1,0,
673,201700044,42771,7,22:40,2,228.5,LHS,6,,,2,2,,,2,,,,,2,1,1,2,6,,,,1,,1,1,,2,
674,201700045,42774,3,14:42,2,249,LHS,6,,,3,3,,,2,,,,,2,1,9,2,5,,,,1,,,1,,1,
675,201700046,42775,4,21:30,2,225.6,LHS,6,,,2,2,,,1,,,,,2,1,9,2,1,,,,1,,2,,,2,
676,201700047,42776,5,15:40,2,241.3,RHS,3,,,3,3,,,3,,,,,2,1,2,2,6,,,,1,,,4,,4,
677,201700048,42777,6,16:05,2,228.6,LHS,1,,,3,3,,,2,,,,,2,1,1,2,6,,,,1,,,1,,1,
678,201700049,42778,7,10:48,2,244.4,LHS,3,,,2,2,,,3,,,,,2,1,9,1,6,,,,1,,1,,,1,
679,201700050,42779,1,23:30,2,211.4,LHS,6,,,4,4,,,2,,,,,2,1,9,2,3,,,,1,,,,1,0,
680,201700051,42779,1,12:30,2,180.1,RHS,3,,,3,3,,,2,,,,,1,1,9,2,1,,,,1,,,1,,1,
681,201700052,42781,3,19:45,2,166.8,LHS,3,,,1,1,,,2,,,,,2,1,9,2,7,,,,1,1,,,,1,
682,201700053,42781,3,21:20,2,186.5,RHS,6,,,1,1,,,1,,,,,1,1,9,2,14,,,,1,1,,,,1,
683,201700054,42781,3,01:00,2,200.2,RHS,3,,,2,2,,,2,,,,,2,1,3,1,11,,,,1,,3,2,,5,
684,201700055,42781,3,20:30,2,203.4,LHS,1,,,2,2,,,2,,,,,2,1,1,2,5,,,,1,,1,,,1,
685,201700056,42782,4,15:00,2,221,RHS,3,,,3,3,,,2,,,,,2,1,3,2,6,,,,1,,,1,,1,
686,201700057,42785,7,16:15,2,186.2,RHS,3,,,2,2,,,2,,,,,2,1,9,2,5,,,,1,,1,,,1,
687,201700058,42786,1,20:10,2,197.3,RHS,3,,,2,2,,,2,,,,,2,1,9,2,5,,,,1,,1,,,1,
688,201700059,42788,3,13:20,2,187.6,RHS,1,,,2,2,,,2,,,,,2,1,2,2,11,,,,1,,1,,,1,
689,201700060,42788,3,12:20,2,190.7,RHS,3,,,4,4,,,2,,,,,2,1,9,2,1,,,,1,,,,1,0,
690,201700061,42790,5,05:30,2,219.9,RHS,2,,,4,4,,,2,,,,,2,1,9,1,11,,,,1,,,,1,0,
691,201700062,42790,5,19:20,2,184.25,RHS,3,,,3,3,,,2,,,,,2,1,9,1,6,,,,1,,,1,,1,
692,201700063,42792,7,16:50,2,180,RHS,8,,,2,2,,,4,,,,,2,1,9,1,5,,,,1,,1,,,1,
693,201700064,42793,1,16:15,2,175.2,LHS,3,,,4,4,,,2,,,,,2,2,9,1,1,,,,1,,,,1,0,
694,201700065,42793,1,19:25,2,178.8,LHS,2,,,3,3,,,2,,,,,2,2,9,1,6,10,,,2,,,3,,3,
695,201700066,42794,2,12:15,2,165.8,LHS,1,,,1,2,,,3,,,,,2,1,1,2,11,,,,1,2,14,18,3,34,
696,201700067,42796,4,07:30,2,179.85,RHS,6,,,3,3,,,2,,,,,2,1,9,1,5,1,,,2,,,1,,1,
697,201700068,42796,4,16:00,2,181.8,RHS,1,,,4,4,,,3,,,,,2,2,9,2,6,6,,,2,,,,1,0,
698,201700069,42797,5,23:45,2,187.5,RHS,2,,,4,4,,,3,,,,,2,1,6,2,6,,,,1,,,,1,0,
699,201700070,42799,7,15:50,2,221,LHS,3,,,2,2,,,2,,,,,2,4,1,10,5,,,,1,,1,,,1,
700,201700071,42800,1,16:00,2,223,LHS,3,,,2,2,,,2,,,,,2,2,9,10,5,,,,1,,1,,,1,
701,201700072,42801,2,11:30,2,178.55,LHS,1,,,2,2,,,1,,,,,2,1,9,1,5,,,,1,,1,,,1,
702,201700073,42803,4,05:20,2,168,LHS,6,,,4,4,,,2,,,,,2,2,9,1,11,,,,1,,,,1,0,
703,201700074,42803,4,08:30,2,179.8,LHS,3,,,4,4,,,3,,,,,2,1,9,1,11,,,,1,,,,1,0,
704,201700075,42805,6,17:50,2,189.6,LHS,6,,,3,3,,,2,,,,,2,2,9,2,6,,,,1,,,1,,1,
705,201700076,42806,7,00:45,2,162.2,RHS,1,,,2,2,,,3,,,,,2,2,1,1,1,,,,1,,1,1,,2,
706,201700077,42807,1,01:00,2,206.7,RHS,3,,,1,1,,,3,,,,,2,1,2,1,5,,,,1,1,,,,1,
707,201700078,42807,1,22:30,2,243.2,LHS,3,,,4,4,,,2,,,,,2,4,2,2,6,,,,1,,,,1,0,
708,201700079,42808,2,05:45,2,180.6,RHS,8,,,4,4,,,2,,,,,2,1,9,1,1,,,,1,,,,1,0,
709,201700080,42808,2,15:20,2,224.2,LHS,6,,,3,3,,,3,,,,,2,2,2,10,11,,,,1,,,1,,1,
710,201700081,42809,3,14:30,2,248.6,RHS,1,,,3,3,,,2,,,,,2,1,9,10,5,,,,1,,,1,,1,
711,201700082,42809,3,18:15,2,217.4,RHS,1,,,3,3,,,2,,,,,2,2,9,1,14,,,,1,,,1,,1,
712,201700083,42809,3,19:45,2,241.6,RHS,2,,,2,2,,,3,,,,,2,1,9,1,6,,,,1,,1,,,1,
713,201700084,42811,5,02:40,2,185.95,RHS,6,,,4,4,,,2,,,,,2,2,9,2,6,,,,1,,,,1,0,
714,201700085,42814,1,15:00,2,190.5,RHS,6,,,3,3,,,1,,,,,2,2,1,10,6,,,,1,,,1,,1,
715,201700086,42817,4,00:05,2,218.4,LHS,1,,,4,4,,,3,,,,,2,2,4,1,14,,,,1,,,,1,0,
716,201700087,42818,5,21:15,2,191.5,RHS,1,,,2,2,,,3,,,,,1,1,9,2,1,,,,1,,1,,,1,
717,201700088,42819,6,23:35,2,188.2,RHS,3,,,2,2,,,2,,,,,2,1,9,2,6,,,,1,,1,3,,4,
718,201700089,42821,1,14:15,2,227.5,LHS,1,,,3,3,,,1,,,,,2,2,1,10,5,,,,1,,,1,,1,
719,201700090,42821,1,21:30,2,231,LHS,1,,,2,2,,,2,,,,,2,4,1,2,1,,,,1,,1,,,1,
720,201700091,42822,2,05:05,2,195.8,LHS,3,,,1,1,,,3,,,,,2,1,9,1,5,,,,1,1,,,,1,
721,201700092,42823,3,07:10,2,199.8,LHS,6,,,4,4,,,3,,,,,2,4,3,1,6,,,,1,,,,1,0,
722,201700093,42823,3,15:15,2,177.5,LHS,1,,,2,2,,,2,,,,,2,1,2,10,6,,,,1,,1,,,1,
723,201700094,42825,5,14:00,2,210.6,LHS,1,,,2,2,,,2,,,,,2,2,9,10,14,,,,1,,1,1,,2,
724,201700095,42826,6,09:05,2,225.3,RHS,8,,,2,2,,,4,,,,,2,1,9,1,1,,,,1,,1,,,1,
725,201700096,42827,7,14:30,2,176.65,LHS,1,,,3,3,,,1,,,,,2,4,2,10,6,,,,1,,,1,,1,
726,201700097,42827,7,16:13,2,184.6,RHS,4,,,2,2,,,3,,,,,2,1,9,10,6,,,,1,,1,,,1,
727,201700098,42828,1,08:35,2,227.5,RHS,8,,,4,4,,,4,,,,,2,4,2,1,1,,,,1,,,,1,0,
728,201700099,42830,3,20:27,2,189.15,LHS ,3,,,1,1,,,2,,,,,1,1,2,2,6,,,,1,1,,,,1,
729,201700100,42830,3,18:25,2,240.8,LHS,2,,,2,2,,,2,,,,,2,1,1,2,11,,,,1,,1,,,1,
730,201700101,42832,5,11:15,2,234.2,RHS,3,,,3,3,,,2,,,,,2,4,9,1,1,,,,1,,,1,,1,
731,201700102,42832,5,15:05,2,212.2,LHS,3,,,3,3,,,3,,,,,2,2,2,10,11,,,,1,,,1,,1,
732,201700103,42833,6,03:50,2,175.4,RHS,3,,,3,3,,,3,,,,,2,4,9,1,6,,,,1,,,2,,2,
733,201700104,42833,6,13:24,2,217.4,LHS,3,,,3,3,,,2,,,,,2,1,9,10,11,,,,1,,,1,,1,
734,201700105,42834,7,10:35,2,178.65,LHS,3,,,4,4,,,3,,,,,2,4,9,1,1,,,,1,,,,1,0,
735,201700106,42834,7,13:31,2,205.8,LHS,3,,,1,1,,,2,,,,,2,2,9,10,1,,,,1,1,,,,1,
736,201700107,42836,2,22:15,2,157.8,LHS,3,,,3,3,,,3,,,,,2,2,1,2,3,,,,1,,,2,,2,
737,201700108,42837,3,01:20,2,190.1,LHS,1,,,2,2,,,2,,,,,2,4,9,2,5,,,,1,,1,,,1,
738,201700109,42838,4,19:17,2,228,LHS,3,,,2,2,,,3,,,,,2,1,4,1,1,,,,1,,2,,,2,
739,201700110,42839,5,11:20,2,185.05,RHS,2,,,4,4,,,3,,,,,2,2,9,2,11,,,,1,,,,1,0,
740,201700111,42839,5,05:10,2,224.4,RHS,3,,,3,3,,,2,,,,,2,1,9,2,6,,,,1,,,3,,3,
741,201700112,42839,5,06:10,2,204.95,LHS,8,,,1,1,,,3,,,,,2,4,9,2,6,,,,1,2,4,,,6,
742,201700113,42840,6,15:00,2,235.3,RHS,2,,,2,2,,,2,,,,,2,4,2,10,5,,,,1,,2,,,2,
743,201700114,42841,7,19:35,2,178.1,RHS,3,,,2,2,,,3,,,,,1,1,9,1,11,,,,1,,2,,,2,
744,201700115,42842,1,08:30,2,155.15,LHS,3,,,1,1,,,4,,,,,2,4,9,2,5,,,,1,1,,,,1,
745,201700116,42843,2,07:20,2,197.03,RHS,2,,,2,2,,,2,,,,,2,1,3,2,6,,,,1,,1,1,,2,
746,201700117,42844,3,05:30,2,221.2,LHS,5,,,2,2,,,3,,,,,2,2,9,2,6,,,,1,,2,,,2,
747,201700118,42845,4,21:20,2,173.15,RHS,1,,,4,4,,,3,,,,,2,1,1,1,11,,,,1,,,,1,0,
748,201700119,42845,4,14:45,2,239.2,RHS,1,,,2,2,,,1,,,,,2,2,2,10,1,,,,1,,2,,,2,
749,201700120,42845,4,22:25,2,245.4,RHS,3,,,2,2,,,3,,,,,2,1,9,1,5,,,,1,,2,,,2,
750,201700121,42845,4,19:00,2,224,LHS,3,,,2,2,,,3,,,,,2,2,9,1,1,,,,1,,1,,,1,
751,201700122,42845,4,16:51,2,210,LHS,3,,,3,3,,,3,,,,,2,4,1,1,6,,,,1,,,2,,2,
752,201700123,42846,5,20:25,2,179.25,RHS,3,,,3,3,,,2,,,,,2,4,9,1,11,,,,1,,,1,,1,
753,201700124,42846,5,23:50,2,202.4,RHS,1,,,4,4,,,2,,,,,2,1,9,1,11,,,,1,,,,1,0,
754,201700125,42847,6,13:10,2,184.75,LHS,2,,,4,4,,,1,,,,,2,1,2,10,1,,,,1,,,,1,0,
755,201700126,42847,6,12:40,2,217.55,LHS,3,,,4,4,,,3,,,,,2,4,9,10,1,,,,1,,,,1,0,
756,201700127,42847,6,20:15,2,224.8,LHS,3,,,2,2,,,2,,,,,2,2,2,1,1,,,,1,,1,,,1,
757,201700128,42848,7,12:45,2,241.15,LHS ,3,,,2,2,,,3,,,,,1,1,2,10,5,,,,1,,1,,,1,
758,201700129,42849,1,13:30,2,170.1,LHS,1,,,3,3,,,2,,,,,2,1,9,10,1,,,,1,,,1,,1,
759,201700130,42849,1,12:20,2,201.1,LHS,3,,,2,2,,,3,,,,,2,4,1,10,1,,,,1,,1,,,1,
760,201700131,42851,3,13:30,2,170.1,LHS,1,,,3,3,,,2,,,,,2,1,9,10,14,,,,1,,,1,,1,
761,201700132,42851,3,21:45,2,218.2,LHS,3,,,2,2,,,2,,,,,2,4,9,1,6,,,,1,,1,,,1,
762,201700133,42851,3,22:59,2,245,LHS,3,,,2,2,,,2,,,,,2,4,2,1,11,,,,1,,1,,,1,
763,201700134,42852,4,11:45,2,216.1,RHS,3,,,3,3,,,2,,,,,2,2,2,2,6,,,,1,,,1,,1,
764,201700135,42853,5,14:20,2,181.4,RHS,1,,,3,3,,,3,,,,,1,1,9,10,6,,,,1,,,1,,1,
765,201700136,42854,6,00:45,2,156.1,RHS,3,,,2,2,,,2,,,,,2,4,9,2,11,,,,1,,1,1,,2,
766,201700137,42854,6,05:20,2,221,LHS,2,,,1,1,,,4,,,,,2,1,2,2,11,,,,1,1,1,2,,4,
767,201700138,42855,7,09:45,2,242.5,LHS,3,,,3,3,,,2,,,,,2,4,9,2,6,,,,1,,,1,,1,
768,201700139,42858,3,23:20,2,229,LHS,3,,,2,2,,,4,,,,,2,1,9,1,1,,,,1,,1,,,1,
769,201700140,42858,3,23:20,2,157.4,LHS,3,,,2,2,,,2,,,,,2,1,9,1,5,,,,1,,1,,,1,
770,201700141,42859,4,17:35,2,152.4,RHS,3,,,4,4,,,3,,,,,2,2,9,10,1,,,,1,,,,1,0,
771,201700142,42859,4,19:05,2,204.7,LHS,1,,,2,2,,,1,,,,,2,1,1,1,11,,,,1,,1,,,1,
772,201700143,42860,5,15:10,2,152.4,RHS,3,,,1,1,,,3,,,,,2,2,9,10,14,,,,1,1,2,,,3,
773,201700144,42860,5,18:40,2,215.8,LHS,1,,,3,3,,,2,,,,,2,4,3,1,11,,,,1,,,1,,1,
774,201700145,42860,5,01:40,2,232.5,RHS,3,,,3,3,,,3,,,,,2,8,9,2,1,,,,1,,,1,,1,
775,201700146,42860,5,10:15,2,239.1,LHS,1,,,3,3,,,2,,,,,2,4,2,2,14,,,,1,,,1,,1,
776,201700147,42861,6,17:40,2,151.4,LHS,3,,,2,2,,,3,,,,,2,2,9,1,1,,,,1,,1,,,1,
777,201700148,42861,6,20:23,2,235.4,RHS,2,,,3,3,,,4,,,,,2,8,2,1,11,,,,1,,,1,,1,
778,201700149,42862,7,14:15,2,210.6,RHS,3,,,2,2,,,3,,,,,2,2,9,10,6,,,,1,,1,,,1,
779,201700150,42862,7,22:00,2,235.5,LHS,2,,,4,4,,,2,,,,,2,2,2,2,11,,,,1,,,,1,0,
780,201700151,42863,1,05:30,2,242.8,LHS,3,,,1,1,,,3,,,,,2,2,9,2,6,,,,1,1,,,,1,
781,201700152,42864,2,20:45,2,174.4,RHS,2,,,4,4,,,2,,,,,2,4,1,1,1,,,,1,,,,1,0,
782,201700153,42864,2,17:30,2,230,LHS,3,,,3,3,,,2,,,,,2,4,9,2,5,,,,1,,,1,,1,
783,201700154,42866,4,17:30,2,195.8,LHS,1,,,4,4,,,3,,,,,2,1,9,2,6,,,,1,,,,1,0,
784,201700155,42866,4,12:15,2,169.1,RHS,1,,,3,3,,,1,,,,,2,4,9,10,14,,,,1,,,1,,1,
785,201700156,42866,4,22:50,2,216.6,RHS,3,,,2,2,,,2,,,,,2,2,9,2,1,,,,1,,3,,,3,
786,201700157,42867,5,13:00,2,213.6,LHS,3,,,1,1,,,2,,,,,2,1,2,10,5,,,,1,1,1,,,2,
787,201700158,42868,6,06:35,2,250.8,LHS,3,,,1,1,,,2,,,,,2,2,2,2,6,,,,1,1,1,,,2,
788,201700159,42868,6,22:03,2,221.4,RHS,3,,,1,1,,,2,,,,,2,1,1,1,1,,,,1,1,1,,,2,
789,201700160,42869,7,01:50,2,204.3,RHS,2,,,4,4,,,8,,,,,2,1,3,2,1,,,,1,,,,1,0,
790,201700161,42869,7,19:10,2,237.8,LHS,3,,,2,2,,,3,,,,,2,1,2,1,3,,,,1,,3,,,3,
791,201700162,42870,1,07:35,2,210.2,LHS,1,,,3,3,,,3,,,,,2,1,9,2,5,,,,1,,,7,,7,