Sl No,Accident_Index,Date,Day_of_Week,Time_of_Accident,Accident_Location_A,Accident_Location_A_Chainage_km,Accident_Location_A_Chainage_km_RoadSide,Nature_of_Accident_B1,Nature_of_Accident_B2,Nature_of_Accident_B3,Accident_Severity_C,Classification_of_Accident_C1,Classification_of_Accident_C2,Classification_of_Accident_C3,Causes_D1,Causes_D2,Causes_D3,Causes_D4,Causes_D5,Road_Feature_E,Road_Condition_F,Intersection_Type_G,Weather_Conditions_H,Vehicle_Type_Involved_J_V1,Vehicle_Type_Involved_J_V2,Vehicle_Type_Involved_J_V3,Vehicle_Type_Involved_J_V4,Number_of_Vehicles,Number_of_Casualties_Fatel,Number_of_Casualties_GrievousInjury,Number_of_Casualties_MinorInjury,Number_of_Casualties_NotInjured,Number_of_Casualties,Remarks
1380,201800246,43446,3,13:44,2,228.6,LHS,3,,,3,3,,,2,,,,,4,1,3,2,6,,,,1,,,3,,3,
1381,201800247,43447,4,11:15,2,226.9,LHS,3,,,2,2,,,3,,,,,4,1,9,1,5,,,,1,,1,,,1,
1382,201800248,43447,4,17:30,2,226.9,LHS,3,,,2,2,,,4,,,,,4,1,9,2,14,,,,1,,1,,,1,
1383,201800249,43448,5,02:55,2,205.5,LHS,3,,,2,2,,,2,,,,,4,1,9,3,1,,,,1,,1,,,1,
1384,201800250,43448,5,23:53,2,230,LHS,3,,,3,3,,,2,,,,,4,1,9,2,1,,,,1,,,1,,1,
1385,201800251,43449,6,09:15,2,152.1,LHS,3,,,2,2,,,2,,,,,4,1,9,1,11,,,,1,,1,,,1,
1386,201800252,43449,6,16:35,2,219.9,LHS,6,,,2,2,,,1,,,,,4,1,1,2,11,,,,1,,1,,,1,
1387,201800253,43449,6,17:40,2,250,RHS,1,,,4,4,,,2,,,,,2,1,2,2,3,,,,1,,,,1,0,
1388,201800254,43450,7,05:05,2,226.2,LHS,3,,,2,2,,,2,,,,,4,1,9,1,5,,,,1,,1,,,1,
1389,201800255,43450,7,10:50,2,231.8,LHS,3,,,2,2,,,2,,,,,4,1,9,1,6,,,,1,,1,2,,3,
1390,201800256,43453,3,22:50,2,210.6,LHS,3,,,1,1,,,2,,,,,4,1,1,2,5,,,,1,1,,,,1,
1391,201800257,43455,5,02:50,2,214.7,LHS,3,,,1,1,,,2,,,,,4,1,9,3,1,,,,1,2,,3,,5,
1392,201800258,43458,1,23:20,2,152.4,RHS,3,,,4,4,,,2,,,,,4,1,9,2,1,,,,1,,,,1,0,
1393,201800259,43458,1,16:05,2,243,RHS,3,,,2,2,,,4,,,,,4,1,9,2,1,,,,1,,1,,,1,
1394,201800260,43459,2,05:20,2,202.6,RHS,1,,,4,4,,,2,,,,,4,1,9,3,3,,,,1,,,,1,0,
1395,201800261,43460,3,20:30,2,228.5,LHS,2,,,2,2,,,4,,,,,4,1,3,2,5,,,,1,,1,2,,3,
1396,201800262,43461,4,06:00,2,216.1,LHS,3,,,1,1,,,2,,,,,4,1,9,3,6,,,,1,1,2,,,3,
1397,201800263,43462,5,16:25,2,179.1,RHS,1,,,2,2,,,2,,,,,4,1,9,2,1,,,,1,,1,1,,2,
1398,201800264,43462,5,16:30,2,234.9,LHS,3,,,3,3,,,2,,,,,4,1,2,2,6,,,,1,,,1,,1,
1399,201800265,43463,6,09:15,2,174.8,LHS,2,,,2,2,,,4,,,,,4,1,9,1,14,,,,1,,2,,,2,
1400,201800266,43463,6,09:00,2,238.1,LHS,3,,,3,3,,,2,,,,,4,1,9,1,6,,,,1,,,1,,1,
1401,201800267,43463,6,18:30,2,228.2,RHS,3,,,2,2,,,3,,,,,4,1,3,2,6,,,,1,,1,,,1,
1402,201800268,43464,7,05:10,2,221.4,LHS,3,,,3,3,,,2,,,,,4,1,9,3,6,,,,1,,,2,,2,
1403,1,42005,4,08:20,1,495.9,RHS,1,,,3,3,,,2,,,,,4,1,,1,6,,,,1,,,1,,1,
1404,2,42005,4,17:10,1,502,RHS,6,,,3,3,,,3,,,,,4,1,,1,5,,,,1,,,1,,1,
1405,3,42006,5,09:30,1,493.35,RHS,1,,,3,3,,,2,,,,,4,1,,3,6,,,,1,,,1,,1,
1406,4,42006,5,14:00,2,426.24,RHS,4,,,2,2,,,2,,,,,4,1,,3,5,,,,1,,2,,,2,
1407,5,42006,5,15:05,1,493.1,LHS,1,,,3,3,,,2,,,,,4,1,,3,11,,,,1,,,1,,1,
1408,6,42007,6,23:20,2,509.35,RHS,7h,,,3,3,,,3,,,,,4,1,,4,1,,,,1,,,1,,1,
1409,7,42008,7,13:00,2,452.52,RHS,4,,,2,2,3,,2,,,,,4,1,,3,6,,,,1,,1,1,,2,
1410,8,42008,7,03:00,1,492.25,RHS,6,,,3,3,,,3,,,,,4,1,,3,5,,,,1,,,2,,2,
1411,9,42010,2,23:48,1,513.45,LHS,1,,,1,1,,,2,,,,,4,1,,1,6,,,,1,2,,,,2,
1412,10,42010,2,18:05,2,418.18,LHS,2,,,2,2,,,3,,,,,4,1,,1,1,7,,,2,,5,,,5,
1413,11,42010,2,08:45,2,412.5,RHS,1,,,4,4,,,3,,,,,4,1,,1,5,,,,1,,,,1,0,
1414,12,42013,5,18:15,1,507.2,LHS,6,,,3,3,,,2,,,,,4,1,,1,5,,,,1,,,1,,1,
1415,13,42015,7,22:34,2,467.8,LHS,1,,,2,2,3,,3,,,,,4,1,,1,5,,,,1,,1,1,,2,
1416,14,42015,7,17:22,1,456.2,LHS,1,,,2,2,,,2,,,,,4,1,,1,1,6,,,2,,1,,,1,
1417,15,42016,1,06:30,1,504.7,LHS,1,,,4,4,,,3,,,,,4,1,,1,5,,,,1,,,,1,0,
1418,16,42017,2,21:50,2,469.3,RHS,7h,,,1,1,,,2,,,,,4,1,,1,11,,,,1,1,,,,1,
1419,17,42019,4,17:10,1,502,RHS,6,,,3,3,,,2,,,,,4,1,,1,5,5,,,2,,,2,,2,
1420,18,42019,4,08:45,2,451.6,RHS,1,,,3,3,,,3,,,,,4,1,,2,5,6,,,2,,,1,,1,
1421,19,42019,4,14:25,2,433.42,RHS,1,,,2,2,,,2,,,,,4,1,,1,5,,,,1,,1,,,1,
1422,20,42021,6,16:10,1,501.3,RHS,1,,,2,2,3,,2,,,,,4,1,,1,5,1,,,2,,,,1,0,
1423,21,42022,7,00:59,2,450.88,LHS,1,,,2,2,3,,3,,,,,4,1,,1,3,,,,1,,2,6,,8,
1424,22,42023,1,22:15,2,414.32,LHS,6,,,2,3,,,3,,,,,4,1,,1,1,,,,1,,1,,,1,
1425,23,42023,1,06:58,2,418,RHS,6,,,3,3,,,3,,,,,4,1,,1,5,,,,1,,,1,,1,
1426,24,42025,3,00:25,2,513.4,RHS,1,,,3,3,,,3,,,,,4,1,,1,5,,,,1,,,2,,2,
1427,25,42025,3,03:35,2,408.39,RHS,7h,,,4,4,,,3,,,,,4,1,,1,5,,,,1,,,,1,0,
1428,26,42027,5,22:30,1,495.4,LHS,6,,,3,3,,,3,,,,,4,1,,1,6,,,,1,,,1,,1,
1429,27,42028,6,21:55,1,494.4,LHS,1,,,2,2,,,2,,,,,4,1,,1,6,,,,1,,1,,,1,
1430,28,42028,6,07:45,2,417.08,RHS,1,,,4,4,,,2,,,,,4,1,,1,1,,,,1,,,,1,0,
1431,29,42028,6,23:40,1,492.05,LHS,1,,,2,2,,,2,,,,,4,1,,1,6,,,,1,,2,,,2,
1432,30,42029,7,17:40,1,498.3,LHS,6,,,3,3,,,3,,,,,4,1,,1,5,,,,1,,,1,,1,
1433,31,42029,7,09:00,2,462.3,RHS,6,,,4,4,,,3,,,,,4,1,,1,5,,,,1,,,,1,0,
1434,32,42030,1,12:40,1,501.95,RHS,6,,,3,3,,,3,,,,,4,1,,1,5,1,,,2,,,3,,3,
1435,33,42031,2,18:15,1,498.45,LHS,6,,,3,3,,,3,,,,,4,1,,1,6,,,,1,,,1,,1,
1436,34,42031,2,10:45,1,498.5,LHS,1,,,2,2,,,2,,,,,4,1,,1,11,,,,1,,1,,,1,
1437,35,42032,3,03:50,1,495.85,LHS,1,,,3,3,,,3,,,,,4,1,,1,5,,,,1,,,1,,1,
1438,36,42032,3,10:15,2,490.5,RHS,2,,,3,3,,,2,,,,,4,1,,1,11,,,,1,,,1,,1,
1439,37,42033,4,19:45,1,501.15,RHS,6,,,3,3,,,2,,,,,4,1,,1,6,,,,1,,,1,,1,
1440,38,42034,5,15:15,2,504.6,RHS,6,,,3,3,,,1,,,,,4,1,,1,11,,,,1,,,1,,1,
1441,39,42034,5,22:35,1,498.5,RHS,1,,,2,2,,,2,,,,,4,1,,1,6,,,,1,,1,,,1,
1442,40,42035,6,05:39,2,482.75,RHS,5,,,2,2,,,3,,,,,4,1,,1,5,,,,1,,1,,,1,
1443,41,42037,1,01:35,2,403.308,LHS,1,,,4,4,,,3,,,,,4,1,,1,1,,,,1,,,,1,0,
1444,42,42038,2,11:00,1,496.141,LHS,1,,,3,3,,,3,,,,,4,1,,1,11,,,,1,,,1,,1,
1445,43,42038,2,12:05,1,499.1,LHS,2,,,2,3,,,2,,,,,4,1,,1,1,8,,,2,,1,,,1,
1446,44,42039,3,06:00,1,456.6,LHS,5,,,3,3,,,3,,,,,4,1,,1,1,5,,,2,,,1,,1,
1447,45,42041,5,21:20,1,496.5,RHS,6,,,3,3,,,3,,,,,4,1,,1,6,,,,1,,,1,,1,
1448,46,42041,5,11:05,2,484.55,RHS,1,,,3,3,,,3,,,,,4,1,,1,6,,,,1,,,1,,1,
1449,47,42041,5,00:25,2,418.1,RHS,2,,,2,2,,,2,,,,,4,1,,1,1,3,,,2,,2,,,2,
1450,48,42043,7,10:30,1,496.75,RHS,2,,,2,2,3,,3,,,,,4,1,,1,5,6,,,2,,1,1,,2,
1451,49,42044,1,10:10,2,479.9,LHS,1,,,3,3,,,2,,,,,4,1,,1,5,,,,1,,,1,,1,
1452,50,42044,1,04:25,2,435.15,RHS,6,,,3,3,,,3,,,,,4,1,,1,6,,,,1,,,1,,1,
1453,51,42045,2,21:00,2,480.2,LHS,7h,,,4,4,,,3,,,,,1,1,,,5,,,,1,,,,1,0,
1454,52,42045,2,06:00,1,498.5,RHS,7h,,,4,4,,,3,,,,,1,1,,,5,,,,1,,,,1,0,
1455,53,42046,3,14:20,1,497.45,RHS,4,,,1,1,,,4,,,,,4,1,,,11,,,,1,1,,,,1,
1456,54,42051,1,11:45,1,493.6,LHS,6,,,2,2,,,3,,,,,4,1,,,6,,,,1,,1,,,1,
1457,55,42051,1,09:10,1,490.95,LHS,1,,,2,2,,,3,,,,,4,1,,,11,,,,1,,1,,,1,
1458,56,42051,1,19:20,2,466.35,RHS,7h,,,2,2,,,3,,,,,4,1,,,6,,,,1,,1,,,1,
1459,57,42051,1,09:00,1,490.95,LHS,7h,,,3,3,,,3,,,,,4,1,,,5,,,,1,,,1,,1,
1460,58,42051,1,11:30,2,451.22,RHS,7h,,,3,3,,,3,,,,,4,1,,,5,,,,1,,,1,,1,
1461,59,42053,3,18:40,2,488.05,RHS,1,,,3,3,,,3,,,,,4,1,,,11,,,,1,,,1,,1,
1462,60,42053,3,01:15,1,456.4,LHS,1,,,2,2,,,3,,,,,4,1,,,5,,,,1,,1,,,1,
1463,61,42054,4,13:11,2,414.4,LHS,6,,,3,3,,,3,,,,,4,1,,,5,,,,1,,,1,,1,
1464,62,42055,5,15:00,2,423+760,LHS,6,,,1,1,,,3,,,,,4,1,,,5,,,,1,1,,,,1,
1465,63,42055,5,07:05,2,487.8,LHS,1,,,2,2,,,3,,,,,4,1,,,5,,,,1,,1,,,1,
1466,64,42055,5,22:38,1,499.95,LHS,6,,,2,2,,,3,,,,,4,1,,,1,,,,1,,1,,,1,
1467,65,42056,6,23:30,2,487,LHS,1,,,3,3,,,3,,,,,4,1,,,5,,,,1,,,1,,1,
1468,66,42058,1,12:15,1,507.45,RHS,6,,,4,4,,,3,,,,,4,1,,1,5,,,,1,,,,1,0,
1469,67,42059,2,22:00,1,427.74,LHS,1,,,3,3,,,2,,,,,4,1,,1,6,,,,1,,,2,,2,
1470,68,42059,2,15:35,1,413.76,RHS,1,,,1,1,2,,2,,,,,4,1,,1,6,,,,1,1,1,,,2,
1471,69,42060,3,14:10,2,451.45,LHS,7h,,,3,3,,,2,,,,,4,1,,1,5,,,,1,,,1,,1,
1472,70,42060,3,12:00,2,415,LHS,1,,,3,3,,,2,,,,,4,1,,1,1,5,,,2,,,1,,1,
1473,71,42060,3,22:30,1,498.6,LHS,6,,,2,2,3,,3,,,,,4,1,,1,6,,,,1,,1,1,,2,
1474,72,42060,3,22:00,1,495.5,LHS,6,,,4,4,,,2,,,,,4,1,,1,5,,,,1,,,,1,0,
1475,73,42061,4,19:45,1,491.6,LHS,6,,,4,4,,,3,,,,,4,1,,1,5,,,,1,,,,1,0,
1476,74,42061,4,09:00,1,490.15,LHS,6,,,4,4,,,3,,,,,4,1,,1,5,,,,1,,,,1,0,
1477,75,42061,4,17:33,2,453.5,RHS,6,,,3,3,,,3,,,,,4,1,,1,5,,,,1,,,2,,2,
1478,76,42062,5,12:35,1,464.62,LHS,6,,,1,1,3,,3,,,,,4,1,,1,3,,,,1,1,,5,,6,
1479,77,42062,5,06:00,1,495.25,LHS,1,,,3,3,,,2,,,,,4,1,,3,5,,,,1,,,1,,1,
1480,78,42063,6,15:40,2,435.52,LHS,1,,,3,3,,,2,,,,,4,1,,1,6,,,,1,,,1,,1,
1481,79,42063,6,16:40,2,436.98,RHS,1,,,4,4,,,2,,,,,4,1,,1,5,,,,1,,,,1,0,
1482,80,42064,7,06:50,2,411.48,LHS,1,,,4,4,,,2,,,,,4,1,,1,1,,,,1,,,,1,0,
1483,81,42064,7,07:10,2,419.7,RHS,1,,,2,2,,,3,,,,,4,1,,1,1,,,,1,,2,,,2,
1484,82,42066,2,12:00,2,491.6,LHS,1,,,2,2,,,2,,,,,4,1,,1,6,,,,1,,1,,,1,
1485,83,42066,2,01:30,2,486.3,RHS,2,,,1,1,,,2,,,,,4,1,,1,11,,,,1,1,,,,1,
1486,84,42066,2,05:30,2,418.2,RHS,6,,,4,4,,,3,,,,,4,1,,1,5,,,,1,,,,1,0,
1487,85,42067,3,01:40,2,485,LHS,2,,,1,1,,,2,,,,,4,1,,1,8,,,,1,1,,,,1,
1488,86,42070,6,16:00,1,498,RHS,1,,,3,3,,,3,,,,,4,1,,1,6,,,,1,,,1,,1,
1489,87,42071,7,13:30,2,491.8,RHS,1,,,3,3,,,3,,,,,4,1,,1,6,,,,1,,,1,,1,
1490,88,42071,7,10:00,1,497.75,RHS,1,,,3,3,,,3,,,,,4,1,,1,6,,,,1,,,1,,1,
1491,89,42072,1,03:05,2,419.26,LHS,2,,,1,1,,,2,,,,,4,1,,1,11,,,,1,1,,,,1,
1492,90,42072,1,05:30,1,496,LHS,6,,,1,1,2,,2,,,,,4,1,,1,6,,,,1,1,1,,,2,
1493,91,42072,1,14:00,2,409.25,LHS,2,,,1,1,,,2,,,,,4,1,,1,5,6,,,2,1,,,,1,
1494,92,42073,2,22:40,1,495.05,LHS,1,,,2,2,,,3,,,,,4,1,,1,6,,,,1,,1,,,1,
1495,93,42074,3,08:45,1,491.95,RHS,2,,,1,1,,,2,,,,,4,1,,1,5,,,,1,1,,,,1,
1496,94,42074,3,07:40,1,494.7,LHS,1,,,1,1,3,,2,,,,,4,1,,1,5,6,,,2,1,,1,,2,
1497,95,42074,3,21:00,2,514,RHS,2,,,2,2,,,3,,,,,4,1,,1,11,,,,1,,1,,,1,
1498,96,42075,4,03:30,2,484,LHS,3,,,2,2,,,3,,,,,4,1,,1,5,5,,,2,,1,,,1,
1499,97,42076,5,06:20,2,417.32,RHS,1,,,2,2,,,2,,,,,4,1,,1,5,,,,1,,1,,,1,
1500,98,42076,5,03:05,2,419.26,LHS,2,,,1,1,,,1,,,,,4,1,,1,11,,,,1,1,,,,1,
1501,99,42076,5,01:20,1,515.23,LHS,1,,,2,2,,,3,,,,,4,1,,1,5,,,,1,,1,,,1,
1502,100,42077,6,17:00,2,459.3,LHS,5,,,3,3,,,1,,,,,4,1,,1,5,1,,,2,,,1,,1,
1503,101,42077,6,19:00,2,422.52,RHS,2,,,2,2,3,,3,,,,,4,1,,1,5,5,,,2,,1,1,,2,
1504,102,42078,7,00:45,2,482.7,RHS,1,,,4,4,,,3,,,,,4,1,,1,1,,,,1,,,,1,0,
1505,103,42078,7,19:35,1,498.6,LHS,3,,,2,2,,,2,,,,,4,1,,1,1,,,,1,,1,,,1,
1506,104,42078,7,15:25,1,499.25,LHS,2,,,3,3,,,3,,,,,4,1,,1,6,,,,1,,,1,,1,
1507,105,42082,4,17:10,2,468.74,RHS,1,,,3,3,,,3,,,,,4,1,,1,6,,,,1,,,1,,1,
1508,106,42083,5,12:50,2,423.76,RHS,1,,,2,2,,,2,,,,,4,1,,1,1,6,,,2,,2,,,2,
1509,107,42084,6,14:16,2,461.16,LHS,6,,,3,3,,,3,,,,,4,1,,1,1,,,,1,,,1,,1,
1510,108,42084,6,06:25,2,412.2,RHS,6,,,3,3,,,3,,,,,4,1,,1,5,,,,1,,,1,,1,
1511,109,42084,6,20:05,2,437.82,LHS,1,,,4,4,,,3,,,,,4,1,,,5,,,,1,,,,1,0,
1512,110,42085,7,21:40,2,492.3,RHS,2,,,2,2,3,,3,,,,,4,1,,1,5,3,,,2,,1,7,,8,
1513,111,42089,4,07:10,2,416.24,LHS,1,,,2,2,,,2,,,,,4,1,,1,5,,,,1,,1,,,1,
1514,112,42089,4,01:10,2,489.8,LHS,2,,,1,1,2,,4,,,,,4,1,,1,5,,,,1,1,1,,,2,
1515,113,42089,4,15:30,2,436.65,LHS,7h,,,3,3,,,3,,,,,4,1,,1,5,,,,1,,,1,,1,
1516,114,42089,4,23:10,2,413.8,RHS,7h,,,4,4,,,3,,,,,4,1,,1,5,,,,1,,,,1,0,
1517,115,42090,5,15:21,2,408.16,LHS,1,,,2,2,,,2,,,,,4,1,,1,1,6,,,2,,2,,,2,
1518,116,42091,6,17:50,1,495.35,RHS,1,,,1,1,2,,2,,,,,4,1,,1,5,,,,1,1,2,,,3,
1519,117,42091,6,22:20,2,473.9,RHS,1,,,3,3,,,3,,,,,4,1,,1,3,,,,1,,,15,,15,
1520,118,42093,1,16:10,2,452.9,LHS,7h,,,3,3,,,3,,,,,4,1,,1,5,,,,1,,,1,,1,
1521,119,42093,1,17:15,2,413.78,RHS,1,,,4,4,,,2,,,,,4,1,,1,1,,,,1,,,,1,0,
1522,120,42094,2,00:15,1,498.58,LHS,7h,,,3,3,,,3,,,,,4,1,,1,1,,,,1,,,1,,1,
1523,121,42095,3,23:20,1,494.85,RHS,1,,,2,2,,,2,,,,,4,1,,1,6,,,,1,,1,,,1,
1524,122,42095,3,18:58,2,420.36,RHS,1,,,3,3,,,3,,,,,4,1,,1,1,6,,,2,,,1,,1,
1525,123,42096,4,11:30,2,402.98,RHS,1,,,3,3,,,2,,,,,4,1,,1,1,6,,,2,,,1,,1,
1526,124,42096,4,05:56,2,408.84,LHS,6,,,3,3,,,3,,,,,4,1,,1,5,,,,1,,,1,,1,
1527,125,42097,5,23:05,2,472.8,RHS,6,,,3,3,,,3,,,,,4,1,,1,5,,,,1,,,1,,1,
1528,126,42098,6,23:05,1,493.75,LHS,1,,,2,2,,,2,,,,,4,1,,1,6,,,,1,,1,,,1,
1529,127,42100,1,17:20,2,506.75,LHS,6,,,2,2,,,2,,,,,4,1,,1,6,,,,1,,1,,,1,
1530,128,42100,1,03:40,2,449.6,LHS,6,,,3,3,,,3,,,,,4,1,,1,5,,,,1,,,1,,1,
1531,129,42100,1,22:10,2,503.45,RHS,1,,,2,2,,,2,,,,,4,1,,1,5,,,,1,,2,,,2,
1532,130,42101,2,04:25,2,429.82,LHS,2,,,2,2,3,,4,,,,,4,1,,1,1,5,,,2,,2,3,,5,
1533,131,42101,2,11:10,2,508.65,LHS,6,,,3,3,,,3,,,,,4,1,,1,6,,,,1,,,2,,2,
1534,132,42102,3,21:10,1,496.6,LHS,1,,,3,3,,,2,,,,,4,1,,1,1,5,,,2,,,2,,2,
1535,133,42103,4,03:50,2,507.3,RHS,2,,,1,1,,,3,,,,,4,1,,1,1,5,,,2,1,,,,1,
1536,134,42104,5,15:00,2,508.25,RHS,1,,,3,3,,,3,,,,,4,1,,1,6,5,,,2,,,1,,1,
1537,135,42104,5,23:20,1,456.85,RHS,2,,,1,1,2,,3,,,,,4,1,,1,6,1,,,2,1,1,,,2,
1538,136,42105,6,17:50,2,485.75,RHS,7h,,,2,2,,,2,,,,,4,1,,1,3,,,,1,,1,,,1,
1539,137,42105,6,04:30,2,483,RHS,1,,,2,2,,,2,,,,,4,1,,1,6,,,,1,,2,,,2,
1540,138,42106,7,14:30,2,472.3,LHS,1,,,4,4,,,2,,,,,4,1,,1,5,1,,,2,,,,1,0,
1541,139,42106,7,03:50,1,491.2,LHS,6,,,3,3,,,2,,,,,4,1,,1,1,,,,1,,,6,,6,
1542,140,42108,2,07:40,2,492.85,RHS,6,,,2,2,,,2,,,,,4,1,,1,5,,,,1,,1,,,1,
1543,141,42108,2,14:40,1,498.4,LHS,1,,,2,2,,,3,,,,,4,1,,1,5,6,,,2,,1,,,1,
1544,142,42109,3,20:50,1,499.15,LHS,2,,,3,3,,,3,,,,,4,1,,1,6,,,,1,,,1,,1,
1545,143,42110,4,09:20,1,494.4,LHS,3,,,2,2,,,2,,,,,4,1,,1,5,,,,1,,1,,,1,
1546,144,42110,4,10:10,2,514.3,LHS,6,,,3,3,,,3,,,,,4,1,,1,5,,,,1,,,2,,2,
1547,145,42111,5,01:10,2,504.2,RHS,5,,,2,2,,,2,,,,,4,1,,1,5,,,,1,,2,,,2,
1548,146,42111,5,01:20,1,491.25,LHS,3,,,3,3,,,3,,,,,4,1,,1,6,,,,1,,,1,,1,
1549,147,42111,5,01:40,2,481.9,RHS,1,,,3,3,,,3,,,,,4,1,,1,5,,,,1,,,1,,1,
1550,148,42111,5,05:40,2,404.22,RHS,5,,,3,3,,,3,,,,,4,1,,1,5,5,,,2,,,1,,1,
1551,149,42112,6,05:50,2,415.36,LHS,2,,,3,3,,,3,,,,,4,1,,1,5,,,,1,,,1,,1,
1552,150,42113,7,03:10,1,494.8,RHS,1,,,2,2,,,3,,,,,4,1,,1,5,,,,1,,1,,,1,
1553,151,42113,7,12:35,1,497.75,LHS,7h,,,2,2,,,2,,,,,4,1,,1,6,,,,1,,1,,,1,
1554,152,42115,2,15:20,1,496.25,LHS,1,,,3,2,,,2,,,,,4,1,,10,4,6,,,2,,,1,,1,
1555,153,42115,2,01:40,1,504.3,RHS,6,,,3,2,,,3,,,,,4,1,,10,5,,,,1,,,1,,1,
1556,154,42116,3,18:00,1,501.35,LHS,1,,,2,2,,,2,,,,,4,1,,2,1,6,,,2,,1,,,1,
1557,155,42117,4,22:46,2,451.2,RHS,7h,,,3,3,,,3,,,,,4,1,,3,5,,,,1,,,1,,1,
1558,156,42119,6,12:50,2,507.9,LHS,6,,,2,2,,,2,,,,,4,1,,3,1,,,,1,,2,,,2,
1559,157,42119,6,04:10,1,502,LHS,1,,,3,3,,,2,,,,,4,1,,3,5,,,,1,,,1,,1,
1560,158,42119,6,04:15,2,398.78,LHS,1,,,2,2,,,2,,,,,4,1,,3,5,,,,1,,1,,,1,
1561,159,42120,7,02:02,2,471.98,LHS,7h,,,3,3,,,2,,,,,4,1,,3,5,,,,1,,,1,,1,
1562,160,42121,1,17:30,2,403.08,RHS,4,,,4,4,,,2,,,,,4,1,,3,5,,,,1,,,,1,0,
1563,161,42121,1,22:30,2,500.7,RHS,1,,,3,3,,,2,,,,,4,1,,3,1,,,,1,,,4,,4,
1564,162,42121,1,08:10,1,499.3,LHS,1,,,3,3,,,2,,,,,4,1,,3,5,,,,1,,,1,,1,
1565,163,42122,2,18:10,1,492.9,RHS,1,,,3,3,,,2,,,,,4,1,,1,11,,,,1,,,1,,1,
1566,164,42123,3,00:50,2,482.9,LHS,1,,,2,2,,,2,,,,,4,1,,3,6,,,,1,,1,,,1,
1567,165,42123,3,02:00,2,500.3,RHS,7h,,,2,2,3,,2,,,,,4,1,,3,6,,,,1,,1,1,,2,
1568,166,42124,4,15:20,2,451.24,LHS,6,,,3,3,,,2,,,,,4,1,,10,6,,,,1,,,1,,1,
1569,167,42124,4,18:20,1,492.95,RHS,1,,,2,2,,,2,,,,,4,1,,10,8,,,,1,,1,,,1,
1570,168,42125,5,23:20,1,494.85,RHS,1,,,2,2,,,2,,,,,4,1,,1,6,,,,1,,1,,,1,
1571,169,42125,5,18:58,2,420.36,RHS,1,,,3,3,,,3,,,,,4,1,,1,1,6,,,2,,,1,,1,
1572,170,42126,6,11:30,2,402.98,RHS,1,,,3,3,,,2,,,,,4,1,,10,1,6,,,2,,,1,,1,
1573,171,42126,6,23:05,2,407.7,RHS,1,,,4,4,,,3,,,,,4,1,,10,5,,,,1,,,,1,0,
1574,172,42126,6,21:20,1,501.35,LHS,1,,,2,2,,,2,,,,,4,1,,1,8,,,,1,,1,,,1,
1575,173,42127,7,21:00,2,487.35,LHS,6,,,3,3,,,6,,,,,4,1,,1,6,,,,1,,,1,,1,
1576,174,42128,1,13:30,2,428.2,LHS,1,,,1,1,2,,2,,,,,4,1,,10,6,,,,1,1,1,,,2,
1577,175,42130,3,22:20,1,496.5,RHS,1,,,3,3,,,2,,,,,4,1,,10,6,,,,1,,,1,,1,
1578,176,42130,3,09:15,2,480.48,LHS,7h,,,3,3,,,3,,,,,4,1,,10,1,,,,1,,,1,,1,
1579,177,42130,3,07:05,2,421.1,RHS,1,,,4,4,,,3,,,,,4,1,,10,5,,,,1,,,,1,0,
1580,178,42131,4,13:00,2,502,RHS,7h,,,4,4,,,2,,,,,4,1,,1,5,,,,1,,,,1,0,
1581,179,42132,5,17:30,2,458.9,RHS,7h,,,2,2,,,3,,,,,4,1,,1,6,,,,1,,1,,,1,
1582,180,42132,5,20:00,2,423.54,LHS,6,,,3,3,,,2,,,,,4,1,,1,6,,,,1,,,2,,2,
1583,181,42132,5,22:15,2,502.05,RHS,2,,,3,3,,,3,,,,,4,1,,1,5,,,,1,,,1,,1,
1584,182,42133,6,22:40,2,509.417,LHS,1,,,3,3,,,2,,,,,4,1,,10,9,,,,1,,,1,,1,
1585,183,42133,6,22:17,1,502.6,RHS,6,,,4,4,,,2,,,,,4,1,,10,5,,,,1,,,,1,0,
1586,184,42134,7,23:20,2,454.8,RHS,7h,,,3,3,,,3,,,,,4,1,,10,6,,,,1,,,1,,1,
1587,185,42134,7,22:56,2,491.4,LHS,1,,,2,1,,,3,,,,,4,1,,10,6,,,,1,,1,,,1,
1588,186,42135,1,00:00,2,414,LHS,6,,,4,4,,,3,,,,,4,1,,10,1,,,,1,,,,1,0,
1589,187,42135,1,10:20,2,489.39,RHS,6,,,2,2,,,3,,,,,4,1,,10,1,,,,1,,1,,,1,
1590,188,42135,1,21:45,1,496.65,RHS,6,,,3,3,,,3,,,,,4,1,,10,6,,,,1,,,1,,1,