Sl No,Accident_Index,Date,Day_of_Week,Time_of_Accident,Accident_Location_A,Accident_Location_A_Chainage_km,Accident_Location_A_Chainage_km_RoadSide,Nature_of_Accident_B1,Nature_of_Accident_B2,Nature_of_Accident_B3,Accident_Severity_C,Classification_of_Accident_C1,Classification_of_Accident_C2,Classification_of_Accident_C3,Causes_D1,Causes_D2,Causes_D3,Causes_D4,Causes_D5,Road_Feature_E,Road_Condition_F,Intersection_Type_G,Weather_Conditions_H,Vehicle_Type_Involved_J_V1,Vehicle_Type_Involved_J_V2,Vehicle_Type_Involved_J_V3,Vehicle_Type_Involved_J_V4,Number_of_Vehicles,Number_of_Casualties_Fatel,Number_of_Casualties_GrievousInjury,Number_of_Casualties_MinorInjury,Number_of_Casualties_NotInjured,Number_of_Casualties,Remarks
1591,189,42136,2,05:30,2,491.45,LHS,1,,,3,3,,,2,,,,,4,1,,10,8,,,,1,,,1,,1,
1592,190,42136,2,06:30,2,489.5,RHS,1,,,3,3,,,2,,,,,4,1,,10,8,,,,1,,,1,,1,
1593,191,42137,3,12:40,2,438.5,LHS,6,,,3,3,,,2,,,,,4,1,,1,6,,,,1,,,2,,2,
1594,192,42137,3,02:47,2,472.5,LHS,1,,,3,3,,,3,,,,,4,1,,1,5,,,,1,,,1,,1,
1595,193,42138,4,04:30,2,398.24,LHS,1,,,2,2,3,,3,,,,,4,1,,10,5,,,,1,,2,2,,4,
1596,194,42139,5,23:22,2,457.8,RHS,1,,,4,4,,,3,,,,,4,1,,1,5,,,,1,,,,1,0,
1597,195,42140,6,21:40,2,434.48,LHS,6,,,2,2,,,2,,,,,4,1,,4,6,,,,1,,2,,,2,
1598,196,42140,6,18:00,1,495.1,LHS,6,,,3,3,,,2,,,,,4,1,,4,6,,,,1,,,1,,1,
1599,197,42141,7,09:45,2,478.85,LHS,1,,,3,3,,,3,,,,,4,1,,10,5,3,,,2,,,10,,10,
1600,198,42141,7,05:45,2,503.49,LHS,6,,,3,3,,,2,,,,,4,1,,1,6,,,,1,,,1,,1,
1601,199,42141,7,22:20,1,496.75,RHS,1,,,3,3,,,2,,,,,4,1,,1,5,,,,1,,,2,,2,
1602,200,42142,1,05:00,2,398.24,RHS,6,,,4,4,,,3,,,,,4,1,,1,5,,,,1,,,,1,0,
1603,201,42142,1,14:10,1,496.8,LHS,1,,,3,3,,,2,,,,,4,1,,10,8,,,,1,,,1,,1,
1604,202,42143,2,15:30,2,513.2,LHS,1,,,3,3,,,2,,,,,4,1,,10,5,1,,,2,,,2,,2,
1605,203,42143,2,06:00,1,494.95,RHS,6,,,4,4,,,2,,,,,4,1,,1,5,,,,1,,,,1,0,
1606,204,42143,2,09:20,2,423.48,LHS,1,,,3,3,,,3,,,,,4,1,,10,5,,,,1,,,1,,1,
1607,205,42144,3,01:00,2,491.1,RHS,6,,,2,2,,,1,,,,,4,1,,10,6,,,,1,,1,,,1,
1608,206,42144,3,05:10,1,495.95,RHS,6,,,2,3,,,3,,,,,4,1,,10,1,,,,1,,2,,,2,
1609,207,42145,4,02:00,2,487.9,RHS,6,,,4,4,,,3,,,,,4,1,,10,5,,,,1,,,,1,0,
1610,208,42147,6,19:55,2,414.32,RHS,6,,,3,3,,,3,,,,,4,1,,10,1,,,,1,,,3,,3,
1611,209,42147,6,05:10,2,493.3,LHS,6,,,3,3,,,3,,,,,4,1,,10,1,,,,1,,,2,,2,
1612,210,42149,1,12:45,1,497.5,LHS,1,,,3,3,,,2,,,,,4,1,,10,9,,,,1,,,1,,1,
1613,211,42149,1,18:20,1,494.35,LHS,2,,,1,1,,,3,,,,,4,1,,4,9,,,,1,1,,,,1,
1614,212,42149,1,00:05,2,508.2,RHS,6,,,2,2,,,3,,,,,4,1,,10,6,,,,1,,1,,,1,
1615,213,42150,2,09:32,2,464.7,LHS,6,,,3,3,,,2,,,,,4,1,,10,5,,,,1,,,1,,1,
1616,214,42151,3,05:10,2,439.2,RHS,1,,,2,2,3,,2,,,,,4,1,,1,6,,,,1,,1,1,,2,
1617,215,42151,3,16:45,2,491.12,RHS,6,,,4,4,,,2,,,,,4,1,,10,5,,,,1,,,,1,0,
1618,216,42152,4,02:00,2,483.96,LHS,1,,,2,2,3,,2,,,,,4,1,,10,5,,,,1,,1,1,,2,
1619,217,42152,4,10:30,1,494.35,LHS,1,,,2,2,,,2,,,,,4,1,,10,6,,,,1,,2,,,2,
1620,218,42153,5,07:55,2,413.58,RHS,7h,,,3,3,,,4,,,,,4,1,,10,5,,,,1,,,1,,1,
1621,219,42154,6,00:10,2,422.3,RHS,6,,,2,2,3,,3,,,,,4,1,,1,3,,,,1,,3,6,,9,
1622,220,42154,6,16:25,1,497.35,LHS,1,,,2,2,,,2,,,,,4,1,,10,6,,,,1,,1,,,1,
1623,221,42154,6,03:40,2,424.35,RHS,6,,,4,4,,,3,,,,,4,1,,10,5,,,,1,,,,1,0,
1624,222,42155,7,07:05,2,489.46,LHS,1,,,4,4,,,2,,,,,4,1,,10,5,,,,1,,,,1,0,
1625,223,42155,7,10:30,2,501.55,RHS,1,,,2,2,3,,2,,,,,4,1,,10,1,7,,,2,,1,1,,2,
1626,224,42156,1,23:30,2,477,RHS,7h,,,3,3,,,3,,,,,4,1,,10,5,5,,,2,,,1,,1,
1627,225,42156,1,14:40,2,421.45,RHS,1,,,4,4,,,3,,,,,4,1,,10,1,,,,1,,,,1,0,
1628,226,42157,2,05:10,2,399.25,RHS,6,,,3,3,,,3,,,,,4,1,,1,5,,,,1,,,2,,2,
1629,227,42157,2,02:35,2,501.9,LHS,1,,,2,2,,,3,,,,,4,1,,1,1,,,,1,,1,,,1,
1630,228,42158,3,09:20,1,495.35,LHS,7h,,,2,2,,,3,,,,,4,1,,10,6,,,,1,,1,,,1,
1631,229,42158,3,11:30,2,409.8,LHS,1,,,3,3,,,2,,,,,4,1,,10,1,,,,1,,,2,,2,
1632,230,42156,1,23:30,2,477,RHS,7h,,,3,3,,,3,,,,,4,1,,10,5,5,,,2,,,1,,1,
1633,231,42156,1,14:40,2,421.45,RHS,1,,,4,4,,,3,,,,,4,1,,10,1,,,,1,,,,1,0,
1634,232,42157,2,05:10,2,399.25,RHS,6,,,3,3,,,3,,,,,4,1,,1,5,,,,1,,,2,,2,
1635,233,42157,2,02:35,2,501.9,LHS,1,,,2,2,,,3,,,,,4,1,,1,1,,,,1,,1,,,1,
1636,234,42158,3,09:20,1,495.35,LHS,7h,,,2,2,,,3,,,,,4,1,,10,6,,,,1,,1,,,1,
1637,235,42158,3,11:30,2,409.8,LHS,1,,,3,3,,,2,,,,,4,1,,10,1,,,,1,,,2,,2,
1638,236,42159,4,11:25,2,433.38,RHS,1,,,2,2,,,3,,,,,4,1,,10,1,6,,,2,,3,,,3,
1639,237,42159,4,01:10,2,515.23,RHS,8,,,3,3,,,1,,,,,4,1,,10,5,,,,1,,,1,,1,
1640,238,42160,5,10:40,2,426.32,RHS,7h,,,2,2,,,3,,,,,4,1,,10,5,,,,1,,2,,,2,
1641,239,42160,5,02:45,1,494.7,LHS,6,,,3,3,,,2,,,,,4,1,,1,7,,,,1,,,2,,2,
1642,240,42161,6,16:50,2,430.2,RHS,3,,,1,1,2,,2,,,,,4,1,,10,4,,,,1,2,4,,,6,
1643,241,42161,6,03:30,2,438.84,RHS,5,,,2,2,,,3,,,,,4,1,,10,5,,,,1,,2,,,2,
1644,242,42161,6,15:00,1,492.85,RHS,1,,,4,4,,,3,,,,,4,1,,10,5,1,,,2,,,,1,0,
1645,243,42161,6,19:54,2,436.54,LHS,1,,,3,3,,,3,,,,,4,1,,10,6,,,,1,,,3,,3,
1646,244,42162,7,19:00,2,493.9,RHS,7h,,,2,2,,,2,,,,,4,1,,1,6,,,,1,,1,,,1,
1647,245,42163,1,11:30,2,410.9,LHS,1,,,2,2,,,3,,,,,4,1,,10,1,5,,,2,,2,,,2,
1648,246,42163,1,23:02,2,467.95,RHS,1,,,2,2,,,3,,,,,4,1,,10,5,,,,1,,1,,,1,
1649,247,42164,2,00:00,1,456.85,RHS,6,,,2,2,,,5,,,,,4,1,,10,6,,,,1,,1,,,1,
1650,248,42164,2,01:40,2,505.9,LHS,7h,,,3,3,,,3,,,,,4,1,,10,10,,,,1,,,1,,1,
1651,249,42165,3,22:50,2,486.9,LHS,1,,,2,2,,,2,,,,,4,1,,10,9,,,,1,,1,,,1,
1652,250,42165,3,13:40,1,496.1,RHS,1,,,3,3,,,3,,,,,4,1,,10,6,,,,1,,,2,,2,
1653,251,42165,3,20:35,2,422.46,LHS,1,,,2,2,,,2,,,,,4,1,,10,9,,,,1,,1,,,1,
1654,252,42166,4,22:00,2,488.65,RHS,1,,,3,3,,,2,,,,,4,1,,10,9,,,,1,,,1,,1,
1655,253,42168,6,21:10,2,466.85,LHS,7h,,,2,2,,,3,,,,,4,1,,10,1,,,,1,,1,,,1,
1656,254,42169,7,16:45,2,406.46,LHS,1,,,2,2,,,2,,,,,4,1,,3,9,,,,1,,1,,,1,
1657,255,42170,1,21:50,1,501.6,LHS,1,,,2,2,,,4,,,,,4,1,,1,6,5,,,2,,1,,,1,
1658,256,42170,1,22:20,2,450.54,LHS,1,,,4,4,,,3,,,,,4,1,,1,5,,,,1,,,,1,0,
1659,257,42170,1,02:45,2,424.72,RHS,1,,,4,4,,,3,,,,,4,1,,1,5,5,,,2,,,,1,0,
1660,258,42173,4,00:05,2,469.18,LHS,1,,,2,2,3,,2,,,,,4,1,,1,1,,,,1,,1,2,,3,
1661,259,42174,5,17:25,2,487.85,RHS,1,,,3,3,,,3,,,,,4,1,,1,1,,,,1,,,1,,1,
1662,260,42174,5,17:45,2,484.95,LHS,1,,,4,4,,,2,,,,,4,1,,1,1,,,,1,,,,1,0,
1663,261,42174,5,23:30,2,506.85,LHS,2,,,1,1,,,2,,,,,4,1,,1,6,,,,1,1,,,,1,
1664,262,42174,5,11:05,2,474.35,LHS,1,,,3,3,,,3,,,,,4,1,,1,5,,,,1,,,1,,1,
1665,263,42176,7,00:25,1,497,LHS,1,,,2,2,,,4,,,,,4,1,,1,9,,,,1,,1,,,1,
1666,264,42178,2,13:55,1,494.5,LHS,6,,,3,3,,,2,,,,,4,1,,2,6,,,,1,,,1,,1,
1667,265,42180,4,12:44,1,498.4,LHS,1,,,3,3,,,2,,,,,4,1,,2,6,,,,1,,,1,,1,
1668,266,42180,4,02:14,2,420.18,LHS,7h,,,3,3,,,3,,,,,4,1,,2,3,,,,1,,,1,,1,
1669,267,42182,6,07:20,2,462.08,LHS,1,,,2,2,,,3,,,,,4,1,,2,5,,,,1,,1,,,1,
1670,268,42183,7,04:00,2,513.25,LHS,2,,,1,1,,,3,,,,,4,1,,1,5,5,,,2,1,,,,1,
1671,269,42184,1,02:05,2,424.6,RHS,6,,,3,3,,,1,,,,,4,1,,1,5,,,,1,,,1,,1,
1672,270,42184,1,22:05,1,499.3,RHS,1,,,2,2,,,2,,,,,4,1,,1,6,,,,1,,1,,,1,
1673,271,42185,2,04:25,2,507.2,LHS,1,,,4,4,,,3,,,,,4,1,,1,5,,,,1,,,,1,0,
1674,272,42185,2,02:00,1,497.2,RHS,1,,,3,3,,,2,,,,,4,1,,1,1,,,,1,,,1,,1,
1675,273,42185,2,20:40,1,500.5,LHS,6,,,2,2,,,3,,,,,4,1,,1,6,,,,1,,1,,,1,
1676,274,42187,4,02:45,1,490.8,LHS,7h,,,3,3,,,4,,,,,4,1,,1,9,,,,1,,,2,,2,
1677,275,42187,4,08:20,2,468.52,LHS,7h,,,2,2,,,3,,,,,4,1,,1,6,9,,,2,,1,,,1,
1678,276,42187,4,10:10,1,496.7,RHS,1,,,3,3,,,3,,,,,4,1,,1,5,5,,,2,,,2,,2,
1679,277,42188,5,02:40,2,429.82,LHS,1,,,2,2,,,2,,,,,4,1,,1,1,,,,1,,3,,,3,
1680,278,42190,7,15:30,1,494.45,LHS,1,,,3,3,,,3,,,,,4,1,,1,1,,,,1,,,1,,1,
1681,279,42191,1,12:20,2,451.08,LHS,6,,,2,2,,,3,,,,,4,1,,1,1,,,,1,,1,,,1,
1682,280,42192,2,21:40,2,415.14,LHS,1,,,2,2,3,,2,,,,,4,1,,2,5,5,,,2,,1,3,,4,
1683,281,42193,3,17:20,1,501.7,LHS,7h,,,3,3,,,3,,,,,4,1,,2,1,,,,1,,,1,,1,
1684,282,42194,4,16:30,1,496.15,LHS,6,,,3,3,,,2,,,,,4,1,,2,6,,,,1,,,1,,1,
1685,283,42194,4,00:00,1,499.1,RHS,1,,,3,3,,,2,,,,,4,1,,2,1,6,,,2,,,1,,1,
1686,284,42197,7,20:30,1,493.1,LHS,1,,,2,2,,,3,,,,,4,1,,1,9,,,,1,,1,,,1,
1687,285,42198,1,07:20,2,469.2,RHS,2,,,1,1,3,,3,,,,,4,1,,1,5,9,,,2,2,,2,,4,
1688,286,42199,2,09:30,1,501.7,RHS,7h,,,4,4,,,2,,,,,4,1,,2,5,,,,1,,,,1,0,
1689,287,42200,3,14:00,2,480.35,LHS,4,,,1,1,,,3,,,,,4,1,,1,5,6,,,2,1,,,,1,
1690,288,42201,4,16:30,1,496.35,LHS,1,,,2,2,,,2,,,,,4,1,,1,7,6,,,2,,1,,,1,
1691,289,42203,6,17:06,2,413.7,RHS,1,,,4,4,,,2,,,,,4,1,,2,1,,,,1,,,,1,0,
1692,290,42203,6,19:30,2,487.9,RHS,1,,,2,2,,,2,,,,,4,1,,2,9,,,,1,,1,,,1,
1693,291,42204,7,21:25,1,498,LHS,6,,,1,1,2,,5,,,,,4,1,,1,6,,,,1,1,2,,,3,
1694,292,42204,7,07:30,2,453.18,LHS,1,,,2,2,,,2,,,,,4,1,,1,5,6,,,2,,2,,,2,
1695,293,42206,2,07:00,2,489.5,LHS,1,,,3,3,,,2,,,,,4,1,,2,9,,,,1,,,1,,1,
1696,294,42208,4,15:55,1,502,RHS,7h,,,3,3,,,2,,,,,4,1,,2,1,,,,1,,,1,,1,
1697,295,42208,4,05:15,1,502.05,RHS,7h,,,1,1,,,3,,,,,4,1,,2,5,,,,1,1,,,,1,
1698,296,42208,4,07:36,2,434.96,RHS,6,,,3,3,,,4,,,,,4,1,,3,9,,,,1,,,1,,1,
1699,297,42209,5,14:29,2,428.505,RHS,6,,,3,3,,,3,,,,,4,1,,3,6,,,,1,,,1,,1,
1700,298,42209,5,17:25,2,464.58,RHS,7h,,,3,3,,,2,,,,,4,1,,3,1,,,,1,,,1,,1,
1701,299,42210,6,08:55,2,469.88,RHS,1,,,2,2,,,2,,,,,4,1,,3,1,1,,,2,,1,,,1,
1702,300,42212,1,12:10,2,412.76,LHS,1,,,2,2,,,3,,,,,4,1,,2,7,,,,1,,2,,,2,
1703,301,42213,2,13:30,1,490,LHS,6,,,2,3,,,2,,,,,4,1,,2,6,,,,1,,1,,,1,
1704,302,42213,2,05:30,2,484.55,RHS,1,,,2,2,,,2,,,,,4,1,,2,5,,,,1,,1,,,1,
1705,303,42214,3,10:30,2,430.14,RHS,1,,,2,2,,,2,,,,,4,1,,2,6,,,,1,,1,,,1,
1706,304,42216,5,23:09,2,436.16,LHS,1,,,2,1,,,3,,,,,4,1,,5,6,,,,1,,1,,,1,
1707,305,42218,7,09:40,1,496.5,RHS,7h,,,2,2,,,2,,,,,4,1,,5,11,,,,1,,1,,,1,
1708,306,42219,1,12:55,1,489.3,LHS,6,,,2,2,3,,2,,,,,4,1,,2,6,,,,1,,1,1,,2,
1709,307,42220,2,00:31,2,422.5,LHS,2,,,2,2,,,3,,,,,4,1,,1,6,,,,1,,1,,,1,
1710,308,42221,3,16:51,2,436.75,LHS,1,,,4,4,,,3,,,,,4,1,,1,5,5,,,2,,,,1,0,
1711,309,42222,4,21:32,2,433.55,LHS,1,,,2,2,,,3,,,,,4,1,,1,5,6,,,2,,1,,,1,
1712,310,42224,6,04:25,1,495,LHS,5,,,3,3,,,1,,,,,4,1,,1,1,,,,1,,,1,,1,
1713,311,42224,6,20:15,2,431.7,LHS,2,,,3,3,,,3,,,,,4,1,,1,6,,,,1,,,2,,2,
1714,312,42224,6,14:05,1,490.05,RHS,1,,,2,2,,,2,,,,,4,1,,1,1,,,,1,,2,,,2,
1715,313,42225,7,08:00,1,504.35,LHS,3,,,1,1,2,,3,,,,,4,1,,1,5,,,,1,5,1,,,6,
1716,314,42226,1,00:30,2,417.86,RHS,1,,,4,4,,,3,,,,,4,1,,1,5,,,,1,,,,1,0,
1717,315,42227,2,20:30,2,424.38,LHS,7h,,,3,3,,,3,,,,,4,1,,1,6,,,,1,,,1,,1,
1718,316,42227,2,09:50,1,499.25,LHS,6,,,3,3,,,2,,,,,4,1,,1,6,,,,1,,,1,,1,
1719,317,42227,2,10:00,2,407.34,RHS,7h,,,1,1,,,2,,,,,4,1,,1,5,9,,,2,1,,,,1,
1720,318,42228,3,09:20,2,465.3,RHS,1,,,3,3,,,3,,,,,4,1,,1,5,,,,1,,,1,,1,
1721,319,42229,4,20:30,2,439.3,RHS,5,,,3,3,,,1,,,,,4,1,,1,1,,,,1,,,1,,1,
1722,320,42230,5,19:30,2,431.6,LHS,7h,,,2,2,,,2,,,,,4,1,,1,12,9,,,2,,1,,,1,
1723,321,42232,7,19:30,1,499,RHS,1,,,2,2,3,,2,,,,,4,1,,1,6,,,,1,,1,1,,2,
1724,322,42232,7,09:15,1,493.85,LHS,7h,,,2,2,,,1,,,,,4,1,,1,6,,,,1,,1,,,1,
1725,323,42234,2,00:05,2,464.25,RHS,1,,,2,2,,,3,,,,,4,1,,1,6,,,,1,,1,,,1,
1726,324,42235,3,20:20,1,496.5,LHS,7h,,,1,1,,,2,,,,,4,1,,1,12,8,,,2,1,,,,1,
1727,325,42236,4,09:45,1,499.25,LHS,6,,,2,2,,,2,,,,,4,1,,1,12,6,,,2,,2,,,2,
1728,326,42236,4,22:45,2,467.8,RHS,1,,,3,3,,,3,,,,,4,1,,1,5,,,,1,,,1,,1,
1729,327,42237,5,12:15,1,495.55,LHS,6,,,1,1,,,2,,,,,4,1,,1,12,6,,,2,2,,,,2,
1730,328,42237,5,14:45,2,488,LHS,7h,,,3,3,,,3,,,,,4,1,,1,8,,,,1,,,1,,1,
1731,329,42238,6,13:40,2,486.65,LHS,7h,,,2,2,,,2,,,,,4,1,,1,5,5,,,2,,1,,,1,
1732,330,42238,6,15:15,1,499.25,RHS,6,,,3,3,,,2,,,,,4,1,,1,6,,,,1,,,1,,1,
1733,331,42242,3,21:30,2,508.2,RHS,1,,,2,2,,,3,,,,,4,1,,1,5,5,,,2,,1,,,1,
1734,332,42245,6,20:20,2,487.25,RHS,1,,,3,3,,,3,,,,,4,1,,1,6,,,,1,,,2,,2,
1735,333,42246,7,21:30,2,423.94,LHS,7h,,,2,2,3,,3,,,,,4,1,,1,6,,,,1,,1,2,,3,
1736,334,42248,2,05:30,2,467.8,RHS,1,,,2,2,,,3,,,,,4,1,,2,5,,,,1,,1,,,1,
1737,335,42250,4,05:00,2,415.56,RHS,1,,,2,2,3,,3,,,,,4,1,,1,5,,,,1,,1,1,,2,
1738,336,42252,6,08:00,1,496.25,LHS,1,,,3,2,,,2,,,,,4,1,,2,5,8,,,2,,,1,,1,
1739,337,42253,7,17:30,2,405.34,RHS,6,,,2,2,,,3,,,,,4,1,,2,1,,,,1,,1,,,1,
1740,338,42254,1,05:00,2,420.78,LHS,1,,,2,2,3,,3,,,,,4,1,,3,5,1,,,2,,1,1,,2,
1741,339,42255,2,18:52,1,499.25,LHS,6,,,3,3,,,2,,,,,4,1,,1,6,,,,1,,,2,,2,
1742,340,42255,2,00:50,2,411.6,LHS,1,,,2,2,3,,3,,,,,4,1,,2,5,8,,,2,,1,1,,2,
1743,341,42255,2,05:05,1,501.8,RHS,1,,,4,4,,,2,,,,,4,1,,1,5,,,,1,,,,1,0,
1744,342,42257,4,15:30,1,499.75,RHS,1,,,2,2,,,3,,,,,4,1,,1,12,1,,,2,,1,,,1,
1745,343,42258,5,23:01,2,418.2,RHS,7h,,,3,3,,,3,,,,,4,1,,1,1,,,,1,,,5,,5,
1746,344,42258,5,15:45,1,501.95,RHS,1,,,2,2,,,2,,,,,4,1,,1,5,,,,1,,2,,,2,
1747,345,42258,5,16:00,2,483.55,LHS,1,,,2,2,,,2,,,,,4,1,,1,5,6,,,2,,2,,,2,
1748,346,42259,6,05:05,2,481.451,LHS,1,,,3,3,,,2,,,,,4,1,,1,5,,,,1,,,2,,2,
1749,347,42259,6,11:02,2,452.7,LHS,1,,,3,3,,,3,,,,,4,1,,1,5,,,,1,,,1,,1,
1750,348,42260,7,19:35,2,425.8,RHS,1,,,2,2,3,,2,,,,,4,1,,1,12,6,,,2,,1,1,,2,
1751,349,42261,1,23:00,2,455.75,LHS,1,,,2,2,,,3,,,,,4,1,,1,6,,,,1,,1,,,1,
1752,350,42262,2,19:00,1,500.2,RHS,1,,,4,4,,,3,,,,,4,1,,1,5,,,,1,,,,1,0,
1753,351,42263,3,09:24,2,401.8,RHS,2,,,3,3,,,4,,,,,4,1,,2,11,,,,1,,,1,,1,
1754,352,42264,4,08:45,2,450.6,RHS,7h,,,3,3,,,3,,,,,4,1,,1,6,,,,1,,,1,,1,
1755,353,42265,5,23:08,2,471.9,LHS,2,,,2,2,,,2,,,,,4,1,,1,6,,,,1,,1,,,1,
1756,354,42266,6,22:00,1,504.8,LHS,7h,,,2,2,,,4,,,,,4,1,,1,12,8,,,2,,1,,,1,
1757,355,42266,6,21:30,1,506.1,LHS,1,,,2,2,,,3,,,,,4,1,,1,11,,,,1,,1,,,1,
1758,356,42266,6,21:00,2,428.2,LHS,7h,,,3,3,,,2,,,,,4,1,,1,11,,,,1,,,1,,1,
1759,357,42267,7,08:35,2,481.25,LHS,6,,,3,3,,,3,,,,,4,1,,1,6,,,,1,,,2,,2,
1760,358,42268,1,06:15,1,489.95,RHS,1,,,3,3,,,3,,,,,4,1,,1,5,,,,1,,,1,,1,
1761,359,42268,1,00:30,2,411.64,LHS,6,,,3,3,,,3,,,,,4,1,,1,1,,,,1,,,1,,1,
1762,360,42269,2,13:15,2,425.2,LHS,2,,,1,1,,,2,,,,,4,1,,1,11,,,,1,1,,,,1,
1763,361,42269,2,13:22,2,425.25,LHS,1,,,3,3,,,3,,,,,4,1,,1,7,8,,,2,,,1,,1,
1764,362,42270,3,07:00,2,422.2,RHS,1,,,4,4,,,2,,,,,4,1,,1,1,,,,1,,,,1,0,
1765,363,42270,3,18:55,2,495,LHS,1,,,4,4,,,2,,,,,4,1,,1,5,,,,1,,,,1,0,
1766,364,42271,4,03:50,2,424.6,LHS,1,,,2,2,,,3,,,,,4,1,,1,6,,,,1,,3,,,3,
1767,365,42271,4,09:00,1,496.25,LHS,1,,,2,2,3,,2,,,,,4,1,,1,6,,,,1,,1,1,,2,
1768,366,42273,6,09:30,2,476.6,RHS,7h,,,3,3,,,3,,,,,4,1,,1,5,,,,1,,,1,,1,
1769,367,42275,1,02:00,2,447.65,RHS,7h,,,3,3,,,3,,,,,4,1,,1,5,,,,1,,,1,,1,
1770,368,42276,2,05:40,2,403.13,LHS,1,,,3,3,,,3,,,,,4,1,,1,1,,,,1,,,1,,1,
1771,369,42278,4,11:00,1,501,RHS,6,,,3,3,,,3,,,,,4,1,,1,6,,,,1,,,2,,2,
1772,370,42280,6,11:00,2,489.95,LHS,7h,,,3,3,,,2,,,,,4,1,,1,6,,,,1,,,1,,1,
1773,371,42280,6,00:00,2,479.6,LHS,1,,,3,3,,,3,,,,,4,1,,1,5,,,,1,,,1,,1,
1774,372,42281,7,05:30,1,499.3,RHS,7h,,,2,2,3,,2,,,,,4,1,,1,1,5,,,2,,1,3,,4,
1775,373,42282,1,19:00,1,496.3,RHS,1,,,3,3,,,2,,,,,4,1,,1,8,,,,1,,,1,,1,
1776,374,42282,1,07:02,1,500.7,LHS,7h,,,4,4,,,3,,,,,4,1,,1,1,,,,1,,,,1,0,
1777,375,42282,1,17:40,2,510.95,LHS,1,,,3,3,,,3,,,,,4,1,,1,5,,,,1,,,1,,1,
1778,376,42283,2,17:40,1,493.6,RHS,1,,,3,3,,,2,,,,,4,1,,1,6,,,,1,,,1,,1,
1779,377,42283,2,20:30,2,430.82,RHS,6,,,3,3,,,2,,,,,4,1,,1,6,,,,1,,,1,,1,
1780,378,42284,3,14:15,1,500.55,LHS,6,,,3,3,,,3,,,,,4,1,,1,5,,,,1,,,1,,1,
1781,379,42285,4,00:30,2,474.76,RHS,4,,,3,3,,,3,,,,,4,1,,1,1,5,,,2,,,2,,2,
1782,380,42287,6,03:30,2,506.4,RHS,4,,,3,3,,,3,,,,,4,1,,1,5,1,,,2,,,3,,3,
1783,381,42287,6,11:00,2,425.68,RHS,1,,,3,3,,,2,,,,,4,1,,1,5,,,,1,,,1,,1,
1784,382,42288,7,07:20,2,509,LHS,2,,,2,2,3,,3,,,,,4,1,,1,5,1,,,2,,2,1,,3,
1785,383,42288,7,05:45,2,506.65,RHS,4,,,3,3,,,2,,,,,4,1,,1,3,,,,1,,,1,,1,
1786,384,42288,7,09:30,2,417.96,RHS,2,,,1,1,,,3,,,,,4,1,,1,6,,,,1,1,,,,1,
1787,385,42288,7,11:08,2,421.18,LHS,2,,,1,1,2,,2,,,,,4,1,,1,6,5,,,2,1,2,,,3,
1788,386,42288,7,23:40,1,496.6,RHS,7h,,,2,2,,,3,,,,,4,1,,1,8,,,,1,,1,,,1,
1789,387,42289,1,22:12,2,463.84,RHS,7h,,,3,3,,,3,,,,,4,1,,1,5,,,,1,,,2,,2,
1790,388,42289,1,01:50,2,508,RHS,7h,,,3,3,,,3,,,,,4,1,,1,5,,,,1,,,1,,1,
1791,389,42289,1,13:02,2,438.2,RHS,6,,,2,2,,,1,,,,,4,1,,1,11,,,,1,,2,,,2,
1792,390,42290,2,07:03,2,492.7,RHS,1,,,2,2,,,2,,,,,4,1,,1,5,,,,1,,1,,,1,
1793,391,42291,3,12:02,2,482.2,LHS,2,,,2,2,,,3,,,,,4,1,,1,6,,,,1,,1,,,1,
1794,392,42291,3,08:30,2,443.9,RHS,2,,,2,2,,,2,,,,,4,1,,1,1,,,,1,,3,,,3,
1795,393,42293,5,19:00,2,428.24,RHS,6,,,3,3,,,3,,,,,4,1,,1,6,,,,1,,,2,,2,
1796,394,42294,6,10:30,2,420.32,RHS,7h,,,1,1,2,,2,,,,,4,1,,1,5,6,,,2,1,1,,,2,
1797,395,42294,6,22:05,2,502.05,LHS,7h,,,2,2,,,3,,,,,4,1,,1,5,,,,1,,1,,,1,
1798,396,42296,1,00:17,2,514.7,LHS,7h,,,2,2,,,3,,,,,4,1,,1,5,,,,1,,1,,,1,
1799,397,42296,1,21:30,1,498.05,RHS,7h,,,2,2,3,,2,,,,,4,1,,1,6,,,,1,,1,1,,2,
1800,398,42296,1,09:30,2,492.25,RHS,6,,,3,3,,,4,,,,,4,1,,1,6,,,,1,,,2,,2,