Sl No,Accident_Index,Date,Day_of_Week,Time_of_Accident,Accident_Location_A,Accident_Location_A_Chainage_km,Accident_Location_A_Chainage_km_RoadSide,Nature_of_Accident_B1,Nature_of_Accident_B2,Nature_of_Accident_B3,Accident_Severity_C,Classification_of_Accident_C1,Classification_of_Accident_C2,Classification_of_Accident_C3,Causes_D1,Causes_D2,Causes_D3,Causes_D4,Causes_D5,Road_Feature_E,Road_Condition_F,Intersection_Type_G,Weather_Conditions_H,Vehicle_Type_Involved_J_V1,Vehicle_Type_Involved_J_V2,Vehicle_Type_Involved_J_V3,Vehicle_Type_Involved_J_V4,Number_of_Vehicles,Number_of_Casualties_Fatel,Number_of_Casualties_GrievousInjury,Number_of_Casualties_MinorInjury,Number_of_Casualties_NotInjured,Number_of_Casualties,Remarks
1801,399,42297,2,07:40,2,429.32,RHS,2,,,1,1,,,3,,,,,4,1,,1,6,,,,1,1,,,,1,
1802,400,42297,2,10:35,2,479.55,RHS,7h,,,2,2,,,3,,,,,4,1,,1,6,,,,1,,1,,,1,
1803,401,42297,2,22:10,2,489,LHS,6,,,2,2,3,,2,,,,,4,1,,1,5,,,,1,,2,4,,6,
1804,402,42298,3,17:06,2,403.3,RHS,6,,,2,2,,,4,,,,,4,1,,1,8,,,,1,,1,,,1,
1805,403,42298,3,10:00,1,498.2,RHS,7h,,,2,2,,,3,,,,,4,1,,1,1,,,,1,,1,,,1,
1806,404,42299,4,21:45,2,481.9,LHS,1,,,2,2,,,2,,,,,4,1,,1,8,,,,1,,1,,,1,
1807,405,42300,5,07:10,2,488.35,LHS,1,,,4,4,,,3,,,,,4,1,,1,5,,,,1,,,,1,0,
1808,406,42301,6,11:30,2,421.2,RHS,7h,,,3,3,,,3,,,,,4,1,,1,5,,,,1,,,1,,1,
1809,407,42301,6,07:17,2,453.54,RHS,7h,,,3,3,,,3,,,,,4,1,,1,5,,,,1,,,1,,1,
1810,408,42302,7,11:00,1,500.05,LHS,6,,,2,2,,,4,,,,,4,1,,1,8,,,,1,,2,,,2,
1811,409,42302,7,06:15,2,425.32,RHS,1,,,2,2,3,,3,,,,,4,1,,1,6,,,,1,,1,1,,2,
1812,410,42303,1,16:00,2,422.7,RHS,6,,,3,3,,,1,,,,,4,1,,1,6,,,,1,,,1,,1,
1813,411,42304,2,09:10,1,450.54,LHS,7h,,,4,4,,,3,,,,,4,1,,1,5,,,,1,,,,1,0,
1814,412,42304,2,20:13,1,453.28,LHS,1,,,2,2,,,3,,,,,4,1,,1,1,,,,1,,3,,,3,
1815,413,42305,3,07:15,2,428.24,RHS,7h,,,2,2,3,,3,,,,,4,1,,1,6,8,,,2,,1,1,,2,
1816,414,42305,3,09:00,2,436.6,RHS,1,,,3,3,,,3,,,,,4,1,,1,5,,,,1,,,1,,1,
1817,415,42305,3,16:53,2,435.7,LHS,7h,,,2,2,,,2,,,,,4,1,,1,5,8,,,2,,1,,,1,
1818,416,42306,4,13:32,1,495.7,RHS,7h,,,3,3,,,3,,,,,4,1,,1,1,,,,1,,,2,,2,
1819,417,42307,5,04:45,2,482.3,LHS,1,,,3,3,,,3,,,,,4,1,,1,5,,,,1,,,3,,3,
1820,418,42307,5,04:30,2,432.3,LHS,7h,,,2,2,,,2,,,,,4,1,,1,11,,,,1,,1,,,1,
1821,419,42309,7,13:59,1,495.55,RHS,7h,,,3,3,,,2,,,,,4,1,,1,7,,,,1,,,2,,2,
1822,420,42309,7,16:18,2,509.45,RHS,7h,,,3,3,,,3,,,,,4,1,,1,5,,,,1,,,1,,1,
1823,421,42310,1,00:35,2,507.25,LHS,1,,,3,3,,,3,,,,,4,1,,1,5,,,,1,,,1,,1,
1824,422,42310,1,01:50,2,451.3,RHS,7d,,,3,3,,,1,,,,,4,1,,1,1,,,,1,,,1,,1,
1825,423,42312,3,20:30,1,495.4,LHS,7b,,,3,3,,,2,,,,,4,1,,1,9,,,,1,,,1,,1,
1826,424,42312,3,22:10,2,510.05,RHS,7d,,,2,2,,,3,,,,,4,1,,1,5,,,,1,,1,,,1,
1827,425,42313,4,04:30,2,491.3,LHS,7e,,,2,2,,,3,,,,,4,1,,1,5,,,,1,,1,,,1,
1828,426,42315,6,15:30,2,503.35,RHS,7b,,,3,3,,,1,,,,,4,1,,1,9,,,,1,,,1,,1,
1829,427,42316,7,14:00,2,486.35,RHS,7b,,,3,3,,,1,,,,,4,1,,1,9,,,,1,,,3,,3,
1830,428,42316,7,00:50,1,507,RHS,1,,,3,3,,,3,,,,,4,1,,1,5,,,,1,,,1,,1,
1831,429,42316,7,07:15,2,405.3,LHS,2,,,2,2,,,2,,,,,4,1,,1,11,,,,1,,1,,,1,
1832,430,42316,7,10:00,2,432.6,LHS,7b,,,2,2,,,3,,,,,4,1,,1,5,9,,,2,,1,,,1,
1833,431,42316,7,20:45,2,434.32,RHS,7b,,,2,2,,,2,,,,,4,1,,1,9,,,,1,,1,,,1,
1834,432,42318,2,21:05,2,436.32,LHS,1,,,3,3,,,3,,,,,4,1,,1,6,,,,1,,,1,,1,
1835,433,42320,4,07:05,1,499.3,RHS,1,,,2,2,,,2,,,,,4,1,,1,6,3,,,2,,1,,,1,
1836,434,42320,4,15:00,1,495.8,RHS,6,,,2,2,,,2,,,,,4,1,,1,6,,,,1,,1,,,1,
1837,435,42321,5,19:30,2,413.2,LHS,1,,,3,3,,,3,,,,,4,1,,1,5,,,,1,,,1,,1,
1838,436,42321,5,08:48,2,468.6,LHS,1,,,3,3,,,3,,,,,4,1,,1,1,,,,1,,,2,,2,
1839,437,42322,6,03:00,2,478.75,LHS,7d,,,4,4,,,2,,,,,4,1,,1,5,,,,1,,,,1,0,
1840,438,42323,7,23:10,1,502.35,RHS,7d,,,3,3,,,2,,,,,4,1,,1,1,,,,1,,,1,,1,
1841,439,42326,3,13:20,2,511.24,LHS,6,,,3,3,,,3,,,,,4,1,,1,1,,,,1,,,1,,1,
1842,440,42326,3,08:21,1,495.1,LHS,6,,,3,3,,,2,,,,,4,1,,1,6,,,,1,,,2,,2,
1843,441,42327,4,23:28,2,450.88,RHS,1,,,3,3,,,2,,,,,4,1,,1,5,,,,1,,,2,,2,
1844,442,42328,5,13:10,2,458.3,RHS,7b,,,2,2,,,2,,,,,4,1,,1,8,,,,1,,1,,,1,
1845,443,42330,7,10:45,2,484.5,LHS,7d,,,4,4,,,3,,,,,4,1,,1,5,,,,1,,,,1,0,
1846,444,42330,7,17:00,1,501.55,LHS,1,,,2,2,,,2,,,,,4,1,,1,6,,,,1,,1,,,1,
1847,445,42331,1,20:30,2,411.32,LHS,7d,,,4,4,,,2,,,,,4,1,,1,5,,,,1,,,,1,0,
1848,446,42332,2,06:30,2,414.28,RHS,7d,,,4,4,,,3,,,,,4,1,,1,5,,,,1,,,,1,0,
1849,447,42332,2,20:00,2,489.6,LHS,6,,,3,3,,,1,,,,,4,1,,1,11,,,,1,,,1,,1,
1850,448,42334,4,19:07,2,487.55,LHS,1,,,3,3,,,3,,,,,4,1,,1,6,,,,1,,,1,,1,
1851,449,42335,5,02:50,2,506.8,RHS,1,,,4,4,,,2,,,,,4,1,,1,1,,,,1,,,,1,0,
1852,450,42336,6,16:10,1,428.3,LHS,2,,,1,1,,,2,,,,,4,1,,1,6,,,,1,2,,,,2,
1853,451,42336,6,12:20,2,496.5,LHS,6,,,2,2,,,2,,,,,4,1,,1,6,,,,1,,1,,,1,
1854,452,42336,6,15:45,2,467.41,LHS,7b,,,1,1,,,4,,,,,4,1,,1,9,,,,1,1,,,,1,
1855,453,42337,7,05:45,1,507,RHS,7c,,,2,2,3,,3,,,,,4,1,,1,5,5,,,2,,1,2,,3,
1856,454,42337,7,19:40,2,427.9,RHS,7b,,,2,2,,,1,,,,,4,1,,1,9,,,,1,,1,,,1,
1857,455,42337,7,00:30,1,491.76,LHS,7c,,,2,2,,,2,,,,,4,1,,1,1,5,,,2,,7,,,7,
1858,456,42338,1,04:00,1,457.6,RHS,7d,,,4,4,,,3,,,,,4,1,,3,5,,,,1,,,,1,0,
1859,457,42338,1,20:30,2,411.32,LHS,7h,,,4,4,,,2,,,,,4,1,,1,5,,,,1,,,,1,0,
1860,458,42339,2,23:45,2,431.64,RHS,1,,,2,2,,,2,,,,,4,1,,1,6,,,,1,,1,,,1,
1861,459,42339,2,19:00,2,467.8,LHS,7d,,,3,3,,,3,,,,,4,1,,1,1,,,,1,,,1,,1,
1862,460,42342,5,10:00,2,439.5,LHS,1,,,2,2,,,4,,,,,4,1,,1,1,,,,1,,4,,,4,
1863,461,42342,5,20:25,1,500.1,LHS,6,,,1,1,,,3,,,,,4,1,,1,6,,,,1,1,,,,1,
1864,462,42342,5,21:20,2,403.65,RHS,1,,,1,1,2,,2,,,,,4,1,,1,6,,,,1,1,1,,,2,
1865,463,42343,6,12:30,2,507.15,LHS,1,,,1,1,,,2,,,,,4,1,,1,6,,,,1,1,,,,1,
1866,464,42343,6,11:25,2,513,RHS,6,,,2,2,,,2,,,,,4,1,,1,5,,,,1,,2,,,2,
1867,465,42344,7,14:10,2,423.95,RHS,6,,,3,3,,,3,,,,,4,1,,1,6,,,,1,,,1,,1,
1868,466,42344,7,13:30,1,496,LHS,7d,,,3,3,,,3,,,,,4,1,,1,6,,,,1,,,2,,2,
1869,467,42345,1,06:00,2,402.22,LHS,7d,,,2,2,,,3,,,,,4,1,,1,5,,,,1,,1,,,1,
1870,468,42346,2,17:18,2,495.45,RHS,7d,,,2,2,,,2,,,,,4,1,,1,6,,,,1,,2,,,2,
1871,469,42346,2,04:38,2,457.64,LHS,7d,,,2,2,3,,3,,,,,4,1,,1,5,,,,1,,1,1,,2,
1872,470,42348,4,16:10,2,400,RHS,2,,,1,1,2,,3,,,,,4,1,,1,5,6,,,2,1,1,,,2,
1873,471,42349,5,02:15,2,495.05,RHS,1,,,2,2,3,,3,,,,,4,1,,1,1,,,,1,,1,1,,2,
1874,472,42349,5,04:35,2,509.5,RHS,1,,,3,3,,,3,,,,,4,1,,1,5,,,,1,,,1,,1,
1875,473,42349,5,16:35,1,490.3,RHS,1,,,2,2,,,2,,,,,4,1,,1,8,,,,1,,1,,,1,
1876,474,42350,6,00:00,2,487.4,LHS,6,,,2,2,,,4,,,,,4,1,,1,6,,,,1,,1,,,1,
1877,475,42351,7,16:50,2,489.3,LHS,7d,,,2,1,,,3,,,,,4,1,,1,6,,,,1,,1,,,1,
1878,476,42352,1,19:20,2,403.08,RHS,7d,,,2,2,,,3,,,,,4,1,,3,1,,,,1,,2,,,2,
1879,477,42353,2,18:40,2,414.1,LHS,7d,,,2,2,3,,2,,,,,4,1,,3,6,,,,1,,1,1,,2,
1880,478,42355,4,22:00,2,417.9,LHS,6,,,2,2,,,3,,,,,4,1,,1,1,,,,1,,1,,,1,
1881,479,42355,4,10:45,2,506.65,LHS,7d,,,4,4,,,3,,,,,4,1,,3,5,,,,1,,,,1,0,
1882,480,42355,4,10:33,2,492.34,RHS,1,,,3,3,,,3,,,,,4,1,,11,6,,,,1,,,1,,1,
1883,481,42355,4,23:15,2,465.9,RHS,7d,,,3,3,,,3,,,,,4,1,,11,5,,,,1,,,1,,1,
1884,482,42356,5,19:20,2,421.14,LHS,7d,,,2,2,,,2,,,,,4,1,,3,6,,,,1,,1,,,1,
1885,483,42356,5,07:40,2,480.6,RHS,6,,,4,4,,,3,,,,,4,1,,3,5,,,,1,,,,1,0,
1886,484,42356,5,10:15,2,498.95,RHS,7d,,,2,2,,,3,,,,,4,1,,1,5,,,,1,,1,,,1,
1887,485,42357,6,08:55,2,487.505,LHS,1,,,3,3,,,3,,,,,4,1,,1,5,,,,1,,,1,,1,
1888,486,42358,7,05:00,2,412.84,RHS,7d,,,3,3,,,2,,,,,4,1,,1,5,,,,1,,,1,,1,
1889,487,42358,7,23:10,2,434.14,LHS,1,,,2,2,,,2,,,,,4,1,,11,9,,,,1,,1,,,1,
1890,488,42359,1,17:25,2,403.6,RHS,7b,,,3,3,,,3,,,,,4,1,,3,9,,,,1,,,1,,1,
1891,489,42360,2,00:00,2,506.05,RHS,7c,,,4,4,,,3,,,,,4,1,,3,5,,,,1,,,,1,0,
1892,490,42360,2,19:30,2,415.12,RHS,1,,,3,3,,,3,,,,,4,1,,3,5,,,,1,,,1,,1,
1893,491,42362,4,08:30,2,471.9,LHS,7d,,,3,3,,,2,,,,,4,1,,3,1,,,,1,,,1,,1,
1894,492,42363,5,21:10,1,490.15,LHS,7d,,,2,2,,,2,,,,,4,1,,11,6,,,,1,,1,,,1,
1895,493,42363,5,08:20,2,482.48,RHS,7d,,,3,3,,,1,,,,,4,1,,1,5,,,,1,,,1,,1,
1896,494,42364,6,12:38,2,419.78,LHS,1,,,2,2,3,,2,,,,,4,1,,3,1,1,,,2,,1,4,,5,
1897,495,42364,6,16:50,2,458,LHS,7d,,,2,2,,,2,,,,,4,1,,3,6,,,,1,,2,,,2,
1898,496,42365,7,08:30,2,465.84,LHS,7d,,,3,3,,,3,,,,,4,1,,1,3,,,,1,,,1,,1,
1899,497,42366,1,06:25,2,411.2,LHS,7d,,,2,2,,,3,,,,,4,1,,11,5,,,,1,,1,,,1,
1900,498,42367,2,18:55,1,496.05,RHS,1,,,2,2,,,2,,,,,4,1,,1,6,,,,1,,1,,,1,
1901,499,42368,3,13:20,1,496.3,LHS,7a,,,2,2,,,3,,,,,4,1,,1,1,8,,,2,,1,,,1,
1902,500,42368,3,06:50,2,501.45,LHS,1,,,4,4,,,3,,,,,4,1,,11,5,,,,1,,,,1,0,
1903,501,42369,4,14:05,2,470.85,LHS,7d,,,1,1,,,3,,,,,4,1,,1,6,,,,1,1,,,,1,
1904,502,42369,4,13:05,2,502.5,LHS,7d,,,4,4,,,3,,,,,4,1,,1,6,,,,1,,,,1,0,
1905,503,42370,5,22:49,2,488,RHS,1,,,2,2,3,,4,,,,,4,1,,3,6,,,,1,,1,1,,2,
1906,504,42372,7,00:40,1,495.45,LHS,1,,,3,3,,,3,,,,,4,1,,3,6,,,,1,,,1,,1,
1907,505,42374,2,23:35,2,504.85,LHS,7d,,,4,4,,,3,,,,,4,1,,1,5,,,,1,,,,1,0,
1908,506,42375,3,14:23,2,450.82,RHS,7d,,,2,2,,,3,,,,,4,1,,1,6,,,,1,,1,,,1,
1909,507,42376,4,17:10,1,497.3,LHS,7b,,,2,2,,,2,,,,,4,1,,1,9,,,,1,,1,,,1,
1910,508,42376,4,13:40,2,408.26,RHS,1,,,4,4,,,3,,,,,4,1,,1,5,,,,1,,,,1,0,
1911,509,42376,4,18:25,1,493.6,RHS,7d,,,2,2,,,3,,,,,4,1,,1,6,,,,1,,1,,,1,
1912,510,42377,5,12:30,2,437.58,LHS,6,,,3,3,,,3,,,,,4,1,,1,7,,,,1,,,1,,1,
1913,511,42377,5,01:20,2,470,LHS,7d,,,4,4,,,2,,,,,4,1,,1,5,,,,1,,,,1,0,
1914,512,42378,6,20:10,2,489.6,LHS,7a,,,2,2,,,3,,,,,4,1,,1,6,,,,1,,1,,,1,
1915,513,42378,6,02:05,2,422.76,RHS,7d,,,2,2,3,,3,,,,,4,1,,1,1,,,,1,,1,1,,2,
1916,514,42378,6,20:35,2,472.25,RHS,7d,,,3,3,,,2,,,,,4,1,,1,5,,,,1,,,2,,2,
1917,515,42379,7,11:00,2,400.5,LHS,6,,,2,2,,,3,,,,,4,1,,1,6,,,,1,,1,,,1,
1918,516,42379,7,20:00,2,421160,LHS,2,,,1,1,2,,2,,,,,4,1,,1,1,5,,,2,4,1,,,5,
1919,517,42380,1,00:25,2,451.92,RHS,7d,,,2,2,,,3,,,,,4,1,,1,5,,,,1,,1,,,1,
1920,518,42380,1,11:25,2,456.92,RHS,1,,,1,1,2,,3,,,,,4,1,,1,7,,,,1,3,2,,,5,
1921,519,42380,1,07:55,2,454.52,RHS,7d,,,4,4,,,3,,,,,4,1,,1,1,,,,1,,,,1,0,
1922,520,42381,2,11:45,1,421.44,LHS,1,,,3,3,,,2,,,,,4,1,,1,1,5,,,2,,,1,,1,
1923,521,42382,3,01:10,2,492,LHS,2,,,1,1,,,4,,,,,4,1,,11,11,,,,1,1,,,,1,
1924,522,42382,3,11:20,2,405,LHS,1,,,4,4,,,3,,,,,4,1,,1,1,,,,1,,,,1,0,
1925,523,42383,4,13:15,2,443.96,RHS,1,,,4,4,,,3,,,,,4,1,,3,5,,,,1,,,,1,0,
1926,524,42383,4,22:50,1,501.6,RHS,6,,,2,2,,,2,,,,,4,1,,1,6,,,,1,,2,,,2,
1927,525,42383,4,22:40,1,501.25,RHS,6,,,2,2,,,2,,,,,4,1,,1,6,,,,1,,1,,,1,
1928,526,42387,1,12:10,2,411.92,LHS,1,,,4,4,,,2,,,,,4,1,,1,5,,,,1,,,,1,0,
1929,527,42388,2,00:17,2,445,LHS,7d,,,3,3,,,3,,,,,4,1,,11,5,,,,1,,,2,,2,
1930,528,42388,2,23:15,2,488.1,RHS,2,,,2,2,,,1,3,,,,4,1,,4,6,,,,1,,1,,,1,
1931,529,42389,3,06:30,1,492.05,LHS,1,,,2,2,,,2,,,,,4,1,,4,6,,,,1,,6,,,6,
1932,530,42390,4,19:50,1,492.9,RHS,6,,,1,1,,,2,,,,,4,1,,11,6,,,,1,1,,,,1,
1933,531,42390,4,09:30,2,452,RHS,7d,,,3,3,,,3,,,,,4,1,,1,1,,,,1,,,1,,1,
1934,532,42391,5,19:00,1,492.55,LHS,6,,,2,2,,,3,,,,,4,1,,3,1,6,,,2,,1,,,1,
1935,533,42391,5,16:10,2,425.48,RHS,6,,,1,1,,,2,,,,,4,1,,1,5,6,,,2,1,,,,1,
1936,534,42391,5,06:02,2,472.6,LHS,7c,,,2,2,,,3,,,,,4,1,,11,5,5,,,2,,2,,,2,
1937,535,42392,6,17:30,1,497.2,RHS,1,,,3,3,,,3,,,,,4,1,,11,5,6,,,2,,,1,,1,
1938,536,42393,7,16:30,2,427.18,RHS,7c,,,2,2,,,2,,,,,4,1,,11,9,,,,1,,1,,,1,
1939,537,42393,7,15:40,1,495.5,RHS,3,,,1,1,,,2,,,,,4,1,,1,1,5,,,2,2,,,,2,
1940,538,42394,1,00:34,2,428.12,RHS,1,,,2,2,,,2,,,,,4,1,,1,9,,,,1,,1,,,1,
1941,539,42394,1,19:10,2,452.35,LHS,7d,,,2,2,,,2,,,,,4,1,,1,5,,,,1,,1,,,1,
1942,540,42394,1,14:30,2,514.4,RHS,1,,,4,4,,,3,,,,,4,1,,1,5,,,,1,,,,1,0,
1943,541,42394,1,17:25,1,495.6,LHS,1,,,2,2,,,2,,,,,4,1,,1,9,,,,1,,1,,,1,
1944,542,42395,2,12:35,2,422.26,LHS,6,,,3,3,,,3,,,,,4,1,,1,6,,,,1,,,1,,1,
1945,543,42395,2,02:10,1,498.45,LHS,7d,,,2,2,3,,3,,,,,4,1,,1,6,,,,1,,1,1,,2,
1946,544,42396,3,15:42,2,454.58,LHS,7d,,,2,2,,,3,,,,,4,1,,3,5,,,,1,,1,,,1,
1947,545,42396,3,13:55,2,452.19,RHS,1,,,3,3,,,2,,,,,4,1,,1,5,1,,,2,,,2,,2,
1948,546,42396,3,13:55,2,460.88,RHS,1,,,3,3,,,3,,,,,4,1,,1,5,,,,1,,,1,,1,
1949,547,42397,4,05:00,2,506.4,LHS,1,,,3,3,,,3,,,,,4,1,,1,5,,,,1,,,1,,1,
1950,548,42397,4,13:58,2,454.7,RHS,6,,,3,3,,,3,,,,,4,1,,1,5,,,,1,,,1,,1,
1951,549,42398,5,17:41,2,456.18,RHS,1,,,3,3,,,3,,,,,4,1,,1,5,1,,,2,,,2,,2,
1952,550,42400,7,15:40,2,506.75,LHS,6,,,2,2,,,2,,,,,4,1,,1,6,,,,1,,1,,,1,
1953,551,42401,1,11:00,1,492.15,LHS,7b,,,2,2,,,3,,,,,4,1,,1,9,,,,1,,1,,,1,
1954,552,42402,2,09:20,2,485.1,RHS,1,,,4,4,,,3,,,,,4,1,,1,5,,,,1,,,,1,0,
1955,553,42402,2,14:10,2,436.42,LHS,7c,,,3,3,,,3,,,,,4,1,,1,5,,,,1,,,1,,1,
1956,554,42402,2,00:30,2,482.75,RHS,7d,,,2,2,,,3,,,,,4,1,,1,6,,,,1,,1,,,1,
1957,555,42403,3,01:40,2,510.2,RHS,7d,,,4,4,,,3,,,,,4,1,,1,5,,,,1,,,,1,0,
1958,556,42403,3,02:00,1,507,LHS,7c,,,3,3,,,1,,,,,4,1,,1,5,,,,1,,,1,,1,
1959,557,42403,3,10:20,1,496.6,LHS,6,,,1,1,,,2,,,,,4,1,,3,5,6,,,2,1,,,,1,
1960,558,42403,3,17:45,1,492.8,RHS,7e,,,2,2,,,2,,,,,4,1,,1,6,,,,1,,2,,,2,
1961,559,42403,3,14:36,1,493.65,LHS,7b,,,3,3,,,3,,,,,4,1,,1,9,,,,1,,,1,,1,
1962,560,42405,5,16:20,2,450,LHS,6,,,3,3,,,3,,,,,4,1,,1,6,,,,1,,,1,,1,
1963,561,42406,6,15:32,2,434.8,LHS,6,,,2,2,,,2,,,,,4,1,,1,6,,,,1,,1,,,1,
1964,562,42406,6,09:50,2,492.2,LHS,7b,,,3,3,,,3,,,,,4,1,,1,9,,,,1,,,1,,1,
1965,563,42406,6,10:52,1,463.18,LHS,7d,,,3,3,,,3,,,,,4,1,,1,1,,,,1,,,1,,1,
1966,564,42408,1,05:50,2,506.4,LHS,1,,,3,3,,,2,,,,,4,1,,1,6,,,,1,,,1,,1,
1967,565,42409,2,14:00,2,418.7,LHS,1,,,3,3,,,2,,,,,4,1,,1,6,,,,1,,,1,,1,
1968,566,42409,2,19:35,1,498.4,RHS,6,,,2,2,,,3,,,,,4,1,,1,6,,,,1,,1,,,1,
1969,567,42409,2,19:20,2,487.7,LHS,6,,,2,2,,,3,,,,,4,1,,1,6,,,,1,,1,,,1,
1970,568,42410,3,00:05,1,497.05,RHS,1,,,2,2,,,3,,,,,4,1,,1,9,,,,1,,1,,,1,
1971,569,42410,3,16:10,2,493.6,RHS,1,,,2,2,,,3,,,,,4,1,,1,9,,,,1,,1,,,1,
1972,570,42410,3,11:30,2,416.3,RHS,1,,,2,2,,,3,,,,,4,1,,1,9,,,,1,,1,,,1,
1973,571,42411,4,11:07,2,463.3,LHS,6,,,3,3,,,2,,,,,4,1,,1,5,,,,1,,,1,,1,
1974,572,42411,4,11:35,1,497.1,RHS,6,,,2,2,,,2,,,,,4,1,,1,6,,,,1,,1,,,1,
1975,573,42411,4,22:05,2,485.3,LHS,1,,,2,2,,,3,,,,,4,1,,1,9,,,,1,,1,,,1,
1976,574,42412,5,19:25,1,497.2,RHS,1,,,3,3,,,2,,,,,4,1,,1,9,,,,1,,,1,,1,
1977,575,42413,6,08:00,2,406.54,RHS,1,,,2,2,3,,3,,,,,4,1,,1,7,,,,1,,1,5,,6,
1978,576,42413,6,00:18,2,494.45,LHS,1,,,3,3,,,2,,,,,4,1,,1,9,,,,1,,,1,,1,
1979,577,42413,6,20:58,1,499.6,RHS,1,,,3,3,,,2,,,,,4,1,,1,9,,,,1,,,1,,1,
1980,578,42413,6,10:00,2,496,LHS,6,,,2,2,,,3,,,,,4,1,,1,6,,,,1,,1,,,1,
1981,579,42414,7,18:26,2,428.75,RHS,1,,,2,2,,,2,,,,,4,1,,1,6,,,,1,,1,,,1,
1982,580,42414,7,14:00,2,494.25,RHS,1,,,2,2,,,3,,,,,4,1,,1,9,,,,1,,1,,,1,
1983,581,42415,1,11:00,2,431.25,RHS,7c,,,4,4,,,1,,,,,4,1,,1,5,5,,,2,,,,1,0,
1984,582,42417,3,07:40,2,461.7,LHS,2,,,1,1,,,3,,,,,4,1,,1,11,,,,1,1,,,,1,
1985,583,42418,4,19:25,1,426.52,LHS,6,,,2,2,3,,2,,,,,4,1,,1,6,6,,,2,,1,1,,2,
1986,584,42418,4,13:00,2,424.5,RHS,6,,,3,3,,,1,,,,,4,1,,1,6,,,,1,,,1,,1,
1987,585,42419,5,00:00,2,464.2,RHS,1,,,2,2,,,3,,,,,4,1,,1,6,,,,1,,2,,,2,
1988,586,42419,5,21:50,1,488.4,RHS,1,,,2,2,,,3,,,,,4,1,,1,5,,,,1,,2,,,2,
1989,587,42419,5,23:45,2,437.74,RHS,7b,,,2,2,,,2,,,,,4,1,,1,11,,,,1,,1,,,1,
1990,588,42421,7,01:03,2,432.36,LHS,6,,,3,3,,,3,,,,,4,1,,1,6,,,,1,,,1,,1,
1991,589,42421,7,16:40,1,493.65,LHS,7a,,,2,2,,,3,,,,,4,1,,1,7,,,,1,,1,,,1,
1992,590,42422,1,14:50,2,403.3,LHS,1,,,2,2,,,2,,,,,4,1,,1,11,,,,1,,1,,,1,
1993,591,42422,1,21:15,1,499.35,RHS,1,,,2,2,,,3,,,,,4,1,,1,11,,,,1,,1,,,1,
1994,592,42422,1,20:40,2,439.72,RHS,6,,,2,2,3,,3,,,,,4,1,,1,7,,,,1,,2,3,,5,
1995,593,42423,2,18:40,2,435.18,RHS,1,,,3,3,,,2,,,,,4,1,,1,6,,,,1,,,1,,1,
1996,594,42423,2,17:45,2,471.9,RHS,7d,,,3,3,,,3,,,,,4,1,,1,5,,,,1,,,1,,1,
1997,595,42424,3,20:30,2,484.75,RHS,1,,,2,2,,,3,,,,,4,1,,1,6,,,,1,,1,,,1,
1998,596,42425,4,21:00,2,450.3,LHS,7d,,,3,3,,,3,,,,,4,1,,1,6,,,,1,,,1,,1,
1999,597,42426,5,11:53,2,432.46,LHS,7b,,,3,3,,,2,,,,,4,1,,1,7,9,,,2,,,1,,1,
2000,598,42426,5,22:15,2,507.2,LHS,7d,,,4,4,,,3,,,,,4,1,,1,5,,,,1,,,,1,0,
2001,599,42426,5,22:30,2,500.6,LHS,1,,,2,2,,,3,,,,,4,1,,1,6,,,,1,,1,,,1,
2002,600,42426,5,10:10,2,507.15,RHS,6,,,3,3,,,2,,,,,4,1,,1,5,,,,1,,,1,,1,
2003,601,42427,6,05:40,1,496.85,RHS,1,,,3,3,,,2,,,,,4,1,,1,5,,,,1,,,1,,1,
2004,602,42427,6,12:20,2,506.65,LHS,6,,,3,3,,,2,,,,,4,1,,1,6,,,,1,,,1,,1,
2005,603,42428,7,22:50,2,431.08,RHS,1,,,1,1,,,2,,,,,4,1,,1,6,,,,1,1,,,,1,
2006,604,42428,7,17:15,1,497.45,RHS,6,,,3,3,,,3,,,,,4,1,,1,6,,,,1,,,1,,1,
2007,605,42429,1,07:50,2,449.2,LHS,1,,,3,3,,,2,,,,,4,1,,1,1,,,,1,,,2,,2,
2008,606,42429,1,18:10,2,434.28,RHS,1,,,2,2,,,3,,,,,4,1,,1,4,,,,1,,1,,,1,
2009,607,42429,1,01:30,2,507.15,RHS,6,,,2,3,,,3,,,,,4,1,,1,1,,,,1,,1,,,1,
2010,608,42430,2,00:05,2,431.22,RHS,1,,,3,3,,,2,,,,,4,1,,1,1,,,,1,,,1,,1,
2011,609,42431,3,00:00,2,441.48,RHS,6,,,4,4,,,3,,,,,4,1,,1,5,,,,1,,,,1,0,