Sl No,Accident_Index,Date,Day_of_Week,Time_of_Accident,Accident_Location_A,Accident_Location_A_Chainage_km,Accident_Location_A_Chainage_km_RoadSide,Nature_of_Accident_B1,Nature_of_Accident_B2,Nature_of_Accident_B3,Accident_Severity_C,Classification_of_Accident_C1,Classification_of_Accident_C2,Classification_of_Accident_C3,Causes_D1,Causes_D2,Causes_D3,Causes_D4,Causes_D5,Road_Feature_E,Road_Condition_F,Intersection_Type_G,Weather_Conditions_H,Vehicle_Type_Involved_J_V1,Vehicle_Type_Involved_J_V2,Vehicle_Type_Involved_J_V3,Vehicle_Type_Involved_J_V4,Number_of_Vehicles,Number_of_Casualties_Fatel,Number_of_Casualties_GrievousInjury,Number_of_Casualties_MinorInjury,Number_of_Casualties_NotInjured,Number_of_Casualties,Remarks
2012,610,42431,3,16:50,2,428.9,RHS,7b,,,1,1,,,3,,,,,4,1,,1,9,,,,1,1,,,,1,
2013,611,42431,3,11:13,1,497.3,LHS,7b,,,3,3,,,2,,,,,4,1,,1,9,,,,1,,,1,,1,
2014,612,42431,3,09:25,1,496.25,LHS,1,,,3,3,,,3,,,,,4,1,,1,5,1,,,2,,,2,,2,
2015,613,42432,4,08:20,2,434.4,RHS,1,,,3,3,,,3,,,,,4,1,,1,1,,,,1,,,1,,1,
2016,614,42432,4,00:43,1,496.85,LHS,7d,,,1,1,3,,1,,,,,4,1,,1,6,,,,1,1,,1,,2,
2017,615,42432,4,22:50,2,459.1,RHS,7d,,,3,3,,,2,,,,,4,1,,1,1,,,,1,,,1,,1,
2018,616,42433,5,19:00,2,485.35,RHS,1,,,2,2,,,2,,,,,4,1,,1,6,,,,1,,2,,,2,
2019,617,42434,6,00:30,2,413.06,LHS,1,,,1,1,3,,2,,,,,4,1,,1,6,,,,1,1,,2,,3,
2020,618,42434,6,05:50,2,508.7,RHS,1,,,3,3,,,2,,,,,4,1,,1,5,1,,,2,,,1,,1,
2021,619,42434,6,00:40,2,507.15,RHS,7d,,,3,3,,,3,,,,,4,1,,1,5,,,,1,,,1,,1,
2022,620,42434,6,02:40,2,456.35,RHS,7d,,,2,2,,,2,,,,,4,1,,1,5,,,,1,,3,,,3,
2023,621,42435,7,23:05,2,503.25,LHS,1,,,3,3,,,3,,,,,4,1,,1,5,1,,,2,,,3,,3,
2024,622,42436,1,21:00,2,421.6,RHS,7b,,,3,3,,,2,,,,,4,1,,1,9,,,,1,,,1,,1,
2025,623,42436,1,08:10,2,458.42,RHS,1,,,2,3,,,3,,,,,4,1,,1,6,,,,1,,1,,,1,
2026,624,42436,1,07:10,2,472.95,RHS,1,,,3,3,,,3,,,,,4,1,,1,5,5,,,2,,,1,,1,
2027,625,42438,3,18:35,2,423.24,RHS,1,,,2,2,,,2,,,,,4,1,,1,6,,,,1,,2,,,2,
2028,626,42438,3,20:34,2,456.02,LHS,1,,,3,3,,,3,,,,,4,1,,1,5,1,,,2,,,2,,2,
2029,627,42440,5,08:00,2,440.15,RHS,6,,,2,2,,,3,,,,,4,1,,1,6,,,,1,,1,,,1,
2030,628,42440,5,12:10,1,501.52,LHS,6,,,4,4,,,2,,,,,4,1,,1,5,,,,1,,,,1,0,
2031,629,42440,5,13:25,1,498.95,RHS,6,,,2,2,,,3,,,,,4,1,,1,6,,,,1,,1,,,1,
2032,630,42440,5,20:15,2,490.425,RHS,1,,,3,3,,,3,,,,,4,1,,1,6,,,,1,,,1,,1,
2033,631,42440,5,09:50,1,495.94,RHS,6,,,3,1,,,1,,,,,4,1,,1,5,,,,1,,,1,,1,
2034,632,42441,6,00:55,2,505.2,LHS,7b,,,2,2,,,2,,,,,4,1,,1,9,,,,1,,1,,,1,
2035,633,42442,7,21:44,2,454.08,RHS,6,,,2,2,,,2,,,,,4,1,,1,6,,,,1,,1,,,1,
2036,634,42442,7,09:00,2,486.75,LHS,1,,,2,2,,,2,,,,,4,1,,1,9,,,,1,,1,,,1,
2037,635,42442,7,12:47,2,491.5,LHS,1,,,2,2,,,2,,,,,4,1,,1,5,,,,1,,1,,,1,
2038,636,42442,7,02:00,1,497.95,RHS,7b,,,1,1,,,3,,,,,4,1,,1,9,,,,1,1,,,,1,
2039,637,42442,7,06:10,1,501.95,RHS,7d,,,3,1,,,2,,,,,4,1,,1,4,,,,1,,,1,,1,
2040,638,42443,1,14:38,2,452.66,LHS,6,,,3,3,,,2,,,,,4,1,,1,4,,,,1,,,1,,1,
2041,639,42443,1,02:00,1,497.75,RHS,1,,,1,1,,,3,,,,,4,1,,1,9,,,,1,1,,,,1,
2042,640,42443,1,06:10,1,501.95,RHS,1,,,3,3,,,3,,,,,4,1,,1,1,,,,1,,,1,,1,
2043,641,42446,4,23:40,2,493,RHS,7d,,,3,3,,,3,,,,,4,1,,1,1,,,,1,,,1,,1,
2044,642,42446,4,00:10,2,495.45,LHS,7b,,,3,3,,,2,,,,,4,1,,1,9,,,,1,,,1,,1,
2045,643,42446,4,13:00,2,491.6,RHS,7b,,,1,1,,,3,,,,,4,1,,1,9,,,,1,1,,,,1,
2046,644,42446,4,22:07,1,496.15,RHS,7b,,,2,2,,,2,,,,,4,1,,1,9,,,,1,,1,,,1,
2047,645,42447,5,08:30,2,432.3,LHS,6,,,3,3,,,3,,,,,4,1,,1,6,,,,1,,,2,,2,
2048,646,42448,6,09:29,2,465.05,RHS,1,,,2,2,,,3,,,,,4,1,,1,5,6,,,2,,1,,,1,
2049,647,42449,7,17:45,2,437.12,LHS,6,,,2,1,,,1,,,,,4,1,,1,6,,,,1,,1,,,1,
2050,648,42450,1,19:30,2,433.18,RHS,7c,,,4,4,,,2,,,,,4,1,,1,5,,,,1,,,,1,0,
2051,649,42450,1,19:20,2,486.25,LHS,7b,,,2,2,,,3,,,,,4,1,,1,9,,,,1,,1,,,1,
2052,650,42450,1,17:27,1,501.2,LHS,6,,,3,3,,,3,,,,,4,1,,1,6,,,,1,,,1,,1,
2053,651,42451,2,21:45,2,492.3,LHS,7b,,,2,2,,,3,,,,,4,1,,1,9,,,,1,,1,,,1,
2054,652,42451,2,14:40,2,464.8,LHS,7d,,,2,3,,,2,,,,,4,1,,1,1,,,,1,,1,,,1,
2055,653,42452,3,22:30,2,492.35,RHS,1,,,2,2,3,,3,,,,,4,1,,1,5,,,,1,,2,1,,3,
2056,654,42452,3,09:30,1,499.15,RHS,6,,,2,2,,,2,,,,,4,1,,1,6,,,,1,,1,,,1,
2057,655,42452,3,20:45,2,500.15,LHS,7d,,,3,3,,,3,,,,,4,1,,1,6,,,,1,,,1,,1,
2058,656,42453,4,13:56,2,486.6,RHS,1,,,2,2,3,,3,,,,,4,1,,1,6,,,,1,,2,1,,3,
2059,657,42453,4,20:00,2,424.82,LHS,6,,,3,3,,,2,,,,,4,1,,1,6,,,,1,,,1,,1,
2060,658,42454,5,18:00,2,495.2,RHS,7b,,,2,2,,,2,,,,,4,1,,1,9,,,,1,,1,,,1,
2061,659,42454,5,14:30,2,494.35,LHS,1,,,2,2,,,3,,,,,4,1,,1,5,,,,1,,1,,,1,
2062,660,42454,5,13:30,2,421.28,LHS,6,,,3,3,,,1,,,,,4,1,,1,6,,,,1,,,1,,1,
2063,661,42458,2,01:05,2,430.1,RHS,1,,,2,2,3,,3,,,,,4,1,,1,5,,,,1,,1,2,,3,
2064,662,42458,2,18:50,2,504.4,LHS,7b,,,2,2,,,3,,,,,4,1,,1,9,,,,1,,1,,,1,
2065,663,42460,4,18:35,2,415.3,RHS,7b,,,3,3,,,3,,,,,4,1,,1,9,,,,1,,,1,,1,
2066,664,42460,4,10:00,2,443.2,RHS,1,,,3,3,,,3,,,,,4,1,,1,5,,,,1,,,1,,1,
2067,665,42461,5,22:00,2,479.8,RHS,7d,,,3,3,,,3,,,,,4,1,,1,5,,,,1,,,1,,1,
2068,666,42461,5,07:55,2,413.48,RHS,1,,,4,4,,,2,,,,,4,1,,1,5,,,,1,,,,1,0,
2069,667,42462,6,10:00,2,454.42,LHS,1,,,3,3,,,2,,,,,4,1,,1,5,,,,1,,,1,,1,
2070,668,42462,6,12:10,2,439.5,LHS,1,,,3,3,,,3,,,,,4,1,,1,10,,,,1,,,2,,2,
2071,669,42463,7,13:10,2,406.1,LHS,7b,,,2,2,,,3,,,,,4,1,,1,9,,,,1,,1,,,1,
2072,670,42464,1,20:14,2,504.25,LHS,7b,,,2,2,,,3,,,,,4,1,,1,9,,,,1,,1,,,1,
2073,671,42465,2,03:10,2,431.86,LHS,6,,,3,3,,,3,,,,,4,1,,1,1,,,,1,,,1,,1,
2074,672,42465,2,23:00,1,496.3,RHS,7a,,,2,2,,,3,,,,,4,1,,1,8,,,,1,,1,,,1,
2075,673,42466,3,12:20,1,499.2,RHS,7d,,,3,3,,,3,,,,,4,1,,1,1,,,,1,,,1,,1,
2076,674,42467,4,22:55,2,435.12,LHS,1,,,2,2,3,,2,,,,,4,1,,1,6,,,,1,,1,1,,2,
2077,675,42467,4,23:05,2,435.32,LHS,6,,,3,3,,,2,,,,,4,1,,1,6,,,,1,,,2,,2,
2078,676,42467,4,07:25,2,450.6,RHS,7d,,,3,3,,,3,,,,,4,1,,1,5,,,,1,,,3,,3,
2079,677,42467,4,08:20,1,501.2,LHS,1,,,2,2,,,3,,,,,4,1,,1,6,8,,,2,,1,,,1,
2080,678,42467,4,08:20,2,433.5,LHS,7b,,,2,2,,,3,,,,,4,1,,1,9,,,,1,,1,,,1,
2081,679,42469,6,09:38,2,472.02,RHS,7d,,,3,3,,,3,,,,,4,1,,1,3,,,,1,,,4,,4,
2082,680,42469,6,01:30,2,413.12,RHS,1,,,3,3,,,2,,,,,4,1,,1,5,1,,,2,,,1,,1,
2083,681,42471,1,18:35,1,495.8,RHS,7b,,,3,3,,,2,,,,,4,1,,1,9,,,,1,,,3,,3,
2084,682,42472,2,16:35,2,438.5,LHS,7d,,,3,3,,,3,,,,,4,1,,1,6,,,,1,,,2,,2,
2085,683,42474,4,05:00,1,505.9,RHS,7d,,,2,2,,,3,,,,,4,1,,1,5,,,,1,,1,,,1,
2086,684,42474,4,23:26,1,471.84,RHS,7d,,,3,3,,,3,,,,,4,1,,1,5,,,,1,,,1,,1,
2087,685,42475,5,22:40,2,465.58,RHS,7d,,,2,2,3,,2,,,,,4,1,,1,7,,,,1,,2,3,,5,
2088,686,42476,6,22:00,2,510.2,RHS,7c,,,3,3,,,3,,,,,4,1,,1,5,5,,,2,,,1,,1,
2089,687,42477,7,22:25,2,488,RHS,7a,,,2,2,,,2,,,,,4,1,,1,8,,,,1,,1,,,1,
2090,688,42477,7,00:40,2,510.3,LHS,7c,,,3,3,,,3,,,,,4,1,,1,5,5,,,2,,,1,,1,
2091,689,42479,2,20:10,2,431.16,RHS,7d,,,2,2,,,3,,,,,4,1,,1,7,,,,1,,1,,,1,
2092,690,42479,2,05:30,2,507.25,RHS,7d,,,4,4,,,3,,,,,4,1,,1,5,,,,1,,,,1,0,
2093,691,42480,3,05:40,1,494.25,RHS,7b,,,1,1,,,3,,,,,4,1,,1,9,,,,1,1,,,,1,
2094,692,42481,4,02:05,2,437.16,RHS,7d,,,3,3,,,2,,,,,4,1,,1,6,,,,1,,,1,,1,
2095,693,42482,5,00:02,2,426.28,RHS,1,,,2,2,,,2,,,,,4,1,,1,1,,,,1,,1,,,1,
2096,694,42484,7,14:00,2,409.3,LHS,7d,,,3,3,,,3,,,,,4,1,,1,1,,,,1,,,3,,3,
2097,695,42484,7,06:15,1,501.95,RHS,7b,,,2,2,,,2,,,,,4,1,,1,9,,,,1,,1,,,1,
2098,696,42484,7,03:10,2,467.04,RHS,7d,,,3,3,,,3,,,,,4,1,,1,5,,,,1,,,1,,1,
2099,697,42485,1,00:45,2,433.18,RHS,1,,,2,2,,,3,,,,,4,1,,1,1,,,,1,,1,,,1,
2100,698,42486,2,01:40,1,496,LHS,7b,,,3,3,,,3,,,,,4,1,,1,9,,,,1,,,1,,1,
2101,699,42488,4,06:25,2,420.6,RHS,1,,,2,2,3,,3,,,,,4,1,,1,1,,,,1,,1,3,,4,
2102,700,42488,4,08:40,2,501.9,RHS,7b,,,3,3,,,2,,,,,4,1,,1,5,,,,1,,,1,,1,
2103,701,42489,5,22:59,2,415.92,LHS,7b,,,3,3,,,1,,,,,4,1,,1,9,,,,1,,,1,,1,
2104,702,42490,6,21:40,1,492.95,LHS,7b,,,2,2,,,3,,,,,4,1,,1,9,,,,1,,1,,,1,
2105,703,42491,7,21:00,1,497,RHS,7d,,,3,3,,,2,,,,,4,1,,1,6,,,,1,,,1,,1,
2106,704,42492,1,20:00,2,486.8,RHS,6,,,3,2,,,1,,,,,4,1,,1,9,,,,1,,,1,,1,
2107,705,42493,2,16:00,2,487.2,RHS,7b,,,2,2,,,3,,,,,4,1,,1,9,,,,1,,1,,,1,
2108,706,42494,3,12:50,2,494.25,RHS,7d,,,2,2,,,3,,,,,4,1,,1,5,,,,1,,1,,,1,
2109,707,42495,4,13:38,1,499.25,LHS,7b,,,2,2,,,2,,,,,4,1,,1,9,,,,1,,1,,,1,
2110,708,42496,5,23:15,2,466.5,LHS,1,,,4,4,,,3,,,,,4,1,,1,5,1,,,2,,,,1,0,
2111,709,42496,5,22:00,2,485.3,LHS,1,,,2,2,,,2,,,,,4,1,,1,5,,,,1,,1,,,1,
2112,710,42497,6,12:30,2,454.25,LHS,6,,,2,3,,,2,,,,,4,1,,1,5,,,,1,,1,,,1,
2113,711,42501,3,23:00,2,508.4,LHS,7b,,,2,2,,,2,,,,,4,1,,1,11,,,,1,,1,,,1,
2114,712,42503,5,07:35,1,494.25,RHS,6,,,2,2,,,3,,,,,4,1,,1,6,,,,1,,1,,,1,
2115,713,42503,5,19:55,2,488.4,LHS,7c,,,4,4,,,2,,,,,4,1,,1,1,,,,1,,,,1,0,
2116,714,42503,5,14:30,2,504.25,RHS,7b,,,2,2,,,3,,,,,4,1,,1,9,,,,1,,1,,,1,
2117,715,42504,6,05:10,2,468.2,RHS,7d,,,2,2,,,3,,,,,4,1,,1,5,,,,1,,1,,,1,
2118,716,42504,6,15:50,1,493.9,LHS,1,,,4,4,,,3,,,,,4,1,,1,5,,,,1,,,,1,0,
2119,717,42506,1,10:30,2,418.3,LHS,4,,,4,4,,,2,,,,,4,1,,10,5,1,,,2,,,,1,0,
2120,718,42507,2,04:20,2,415.12,RHS,1,,,2,2,,,3,,,,,4,1,,1,5,,,,1,,2,,,2,
2121,719,42507,2,23:35,2,437.6,RHS,1,,,2,2,,,2,,,,,4,1,,1,6,,,,1,,2,,,2,
2122,720,42507,2,17:30,1,498.4,RHS,6,,,2,2,,,3,,,,,4,1,,1,6,,,,1,,2,,,2,
2123,721,42508,3,12:50,2,430.18,LHS,1,,,2,2,,,2,,,,,4,1,,10,6,,,,1,,1,,,1,
2124,722,42508,3,12:00,1,498.06,LHS,1,,,4,4,,,3,,,,,4,1,,1,1,,,,1,,,,1,0,
2125,723,42510,5,19:31,1,493.8,LHS,7d,,,3,3,,,2,,,,,4,1,,1,6,,,,1,,,1,,1,
2126,724,42510,5,21:20,2,425.26,RHS,7b,,,2,2,,,2,,,,,4,1,,1,6,,,,1,,1,,,1,
2127,725,42511,6,20:00,1,494.25,RHS,7b,,,2,2,,,2,,,,,4,1,,1,1,,,,1,,1,,,1,
2128,726,42511,6,12:50,2,467.34,LHS,7d,,,3,3,,,2,,,,,4,1,,1,5,,,,1,,,1,,1,
2129,727,42512,7,02:00,2,432.32,LHS,7d,,,4,4,,,3,,,,,4,1,,1,5,,,,1,,,,1,0,
2130,728,42513,1,00:25,1,492.84,LHS,7d,,,3,3,,,3,,,,,4,1,,1,5,,,,1,,,1,,1,
2131,729,42514,2,17:10,2,438.22,RHS,7d,,,3,3,,,3,,,,,4,1,,1,6,,,,1,,,2,,2,
2132,730,42514,2,19:25,2,434.12,LHS,7d,,,3,3,,,3,,,,,4,1,,4,6,,,,1,,,1,,1,
2133,731,42514,2,21:00,2,460.65,RHS,7c,,,2,2,,,2,,,,,4,1,,4,6,5,,,2,,2,,,2,
2134,732,42514,2,21:20,2,427.96,RHS,7b,,,2,2,,,3,,,,,4,1,,10,6,,,,1,,1,,,1,
2135,733,42515,3,05:30,1,494.1,LHS,7a,,,2,2,,,2,,,,,4,1,,1,8,,,,1,,1,,,1,
2136,734,42515,3,00:10,1,494,LHS,1,,,2,2,,,2,,,,,4,1,,1,6,,,,1,,1,,,1,
2137,735,42515,3,03:50,1,498,LHS,2,,,2,2,,,2,,,,,4,1,,1,6,,,,1,,1,,,1,
2138,736,42516,4,16:50,2,507.75,RHS,7d,,,4,4,,,3,,,,,4,1,,1,1,,,,1,,,,1,0,
2139,737,42516,4,16:40,2,463.68,LHS,7c,,,2,2,,,1,,,,,4,1,,1,5,,,,1,,1,,,1,
2140,738,42516,4,16:30,2,507,RHS,1,,,4,4,,,2,,,,,4,1,,1,6,,,,1,,,,1,0,
2141,739,42517,5,17:15,2,422.36,RHS,1,,,2,2,3,,2,,,,,4,1,,1,6,,,,1,,1,1,,2,
2142,740,42517,5,23:15,1,497.1,RHS,7d,,,3,3,,,3,,,,,4,1,,1,6,,,,1,,,1,,1,
2143,741,42518,6,10:00,1,500.65,LHS,6,,,3,3,,,2,,,,,4,1,,1,6,,,,1,,,1,,1,
2144,742,42520,1,15:33,2,424.24,LHS,1,,,3,3,,,3,,,,,4,1,,1,6,,,,1,,,1,,1,
2145,743,42522,3,19:10,2,432.24,LHS,1,,,2,2,,,2,,,,,4,1,,1,6,,,,1,,3,,,3,
2146,744,42524,5,03:30,2,425.2,LHS,1,,,3,3,,,2,,,,,4,1,,1,5,,,,1,,,1,,1,
2147,745,42526,7,01:30,2,429.94,RHS,7d,,,2,2,,,2,,,,,4,1,,1,6,,,,1,,1,,,1,
2148,746,42526,7,16:35,2,492.4,RHS,6,,,2,2,,,1,,,,,4,1,,1,6,,,,1,,1,,,1,
2149,747,42526,7,16:47,2,435.34,RHS,6,,,3,3,,,1,,,,,4,1,,1,6,,,,1,,,1,,1,
2150,748,42527,1,11:55,2,431.38,LHS,7b,,,3,3,,,2,,,,,4,1,,1,11,,,,1,,,1,,1,
2151,749,42528,2,04:05,2,411.88,RHS,4,,,3,3,,,2,,,,,4,1,,1,5,,,,1,,,2,,2,
2152,750,42528,2,00:59,2,475.2,LHS,7b,,,1,1,,,2,,,,,4,1,,1,11,,,,1,1,,,,1,
2153,751,42528,2,00:05,2,456.3,RHS,6,,,4,4,,,2,,,,,4,1,,1,5,,,,1,,,,1,0,
2154,752,42529,3,12:00,2,501+850,LHS,6,,,3,3,,,3,,,,,4,1,,1,5,,,,1,,,1,,1,
2155,753,42529,3,07:15,2,479.75,RHS,1,,,3,3,,,2,,,,,4,1,,1,5,,,,1,,,1,,1,
2156,754,42530,4,12:05,2,494,RHS,4,,,4,4,,,2,,,,,4,1,,1,6,,,,1,,,,1,0,
2157,755,42533,7,07:42,2,447+900,RHS,6,,,2,2,3,,3,,,,,4,1,,1,5,,,,1,,1,1,,2,
2158,756,42533,7,15:08,1,495.44,RHS,7a,,,2,2,,,3,,,,,4,1,,1,11,,,,1,,1,,,1,
2159,757,42533,7,19:10,2,438,LHS,7d,,,3,3,,,3,,,,,4,1,,1,11,,,,1,,,1,,1,
2160,758,42535,2,13:00,1,497.4,LHS,7b,,,1,1,,,3,,,,,4,1,,1,11,,,,1,1,,,,1,
2161,759,42537,4,21:29,2,466.95,LHS,7d,,,2,2,,,3,,,,,4,1,,1,5,,,,1,,1,,,1,
2162,760,42538,5,07:55,2,475.26,RHS,4,,,3,3,,,2,,,,,4,1,,1,6,,,,1,,,1,,1,
2163,761,42538,5,07:45,2,474.74,LHS,4,,,2,2,,,2,,,,,4,1,,1,5,,,,1,,1,,,1,
2164,762,42538,5,01:20,2,432.34,LHS,7d,,,3,3,,,3,,,,,4,1,,1,5,,,,1,,,1,,1,
2165,763,42538,5,00:57,2,454.76,LHS,2,,,1,1,2,,3,,,,,4,1,,2,5,,,,1,1,3,,,4,
2166,764,42538,5,16:35,2,438.42,RHS,6,,,3,3,,,2,,,,,4,1,,2,6,,,,1,,,1,,1,
2167,765,42538,5,22:40,2,431,LHS,4,,,1,1,2,,3,,,,,4,1,,2,5,,,,1,1,1,,,2,
2168,766,42538,5,10:45,2,411.94,LHS,7d,,,4,4,,,3,,,,,4,1,,2,5,,,,1,,,,1,0,
2169,767,42538,5,16:32,2,494.45,RHS,4,,,1,1,2,,2,,,,,4,1,,1,5,6,,,2,1,1,,,2,
2170,768,42538,5,21:40,2,513.27,RHS,6,,,4,4,,,2,,,,,4,1,,1,5,,,,1,,,,1,0,
2171,769,42539,6,13:15,2,444,RHS,7d,,,4,4,,,2,,,,,4,1,,1,5,,,,1,,,,1,0,
2172,770,42539,6,20:35,2,426.2,RHS,7d,,,2,2,,,2,,,,,4,1,,1,6,,,,1,,1,,,1,
2173,771,42539,6,22:50,2,426.16,LHS,7d,,,2,2,,,2,,,,,4,1,,1,6,,,,1,,1,,,1,
2174,772,42539,6,08:25,1,497,RHS,7d,,,3,3,,,2,,,,,4,1,,1,1,,,,1,,,1,,1,
2175,773,42540,7,15:10,2,507.4,RHS,6,,,4,4,,,2,,,,,4,1,,1,1,,,,1,,,,1,0,
2176,774,42540,7,22:55,2,494.1,RHS,7b,,,4,2,,,2,,,,,4,1,,1,11,,,,1,,,,1,0,
2177,775,42541,1,17:15,1,499.5,RHS,4,,,3,3,,,3,,,,,4,1,,1,5,1,,,2,,,2,,2,
2178,776,42541,1,15:10,2,490.65,LHS,7d,,,3,3,,,3,,,,,4,1,,1,6,,,,1,,,2,,2,
2179,777,42543,3,06:40,1,498.7,LHS,7c,,,2,2,3,,2,,,,,4,1,,1,5,,,,1,,1,1,,2,
2180,778,42543,3,02:27,1,501.6,RHS,7d,,,3,3,,,2,,,,,4,1,,1,1,,,,1,,,1,,1,
2181,779,42544,4,14:25,2,505.1,LHS,6,,,2,2,,,3,,,,,4,1,,1,5,,,,1,,1,,,1,
2182,780,42544,4,01:30,2,450.16,RHS,4,,,3,3,,,3,,,,,4,1,,1,5,,,,1,,,1,,1,
2183,781,42544,4,06:50,2,462.98,LHS,6,,,2,2,,,3,,,,,4,1,,1,5,,,,1,,1,,,1,
2184,782,42545,5,17:38,2,478.22,RHS,7d,,,3,3,,,3,,,,,4,1,,1,1,,,,1,,,3,,3,
2185,783,42546,6,21:05,1,492.4,LHS,4,,,2,2,,,2,,,,,4,1,,1,6,,,,1,,1,,,1,
2186,784,42546,6,01:10,2,476.3,RHS,4,,,2,1,,,3,,,,,4,1,,1,5,,,,1,,1,,,1,
2187,785,42547,7,19:55,2,411.2,RHS,6,,,3,3,,,3,,,,,4,1,,1,6,,,,1,,,1,,1,
2188,786,42548,1,08:35,2,479.76,RHS,7d,,,3,3,,,3,,,,,4,1,,1,6,,,,1,,,1,,1,
2189,787,42548,1,04:00,2,477.5,RHS,6,,,4,4,,,3,,,,,4,1,,1,5,,,,1,,,,1,0,
2190,788,42548,1,19:32,2,479.55,LHS,4,,,3,3,,,3,,,,,4,1,,1,5,,,,1,,,1,,1,
2191,789,42548,1,15:05,1,492.25,LHS,4,,,2,2,,,2,,,,,4,1,,1,5,,,,1,,1,,,1,
2192,790,42548,1,08:10,2,486.75,RHS,6,,,3,3,,,3,,,,,4,1,,1,5,,,,1,,,1,,1,
2193,791,42549,2,09:30,2,500,LHS,4,,,3,3,,,3,,,,,4,1,,1,5,,,,1,,,1,,1,
2194,792,42549,2,00:40,1,498.6,RHS,7d,,,2,2,,,3,,,,,4,1,,1,6,,,,1,,1,,,1,
2195,793,42549,2,15:20,2,494.5,LHS,6,,,3,3,,,3,,,,,4,1,,1,5,,,,1,,,1,,1,
2196,794,42550,3,10:50,1,498.05,RHS,6,,,2,2,,,2,,,,,4,1,,1,5,,,,1,,1,,,1,
2197,795,42551,4,23:05,1,492.25,LHS,7b,,,2,2,,,2,,,,,4,1,,1,11,,,,1,,1,,,1,
2198,796,42551,4,20:15,2,495.1,LHS,7b,,,2,2,3,,2,,,,,4,1,,1,11,,,,1,,1,1,,2,
2199,797,42552,5,07:00,2,501.38,LHS,6,,,3,3,,,4,,,,,4,1,,1,5,,,,1,,,1,,1,
2200,798,42553,6,06:18,2,497.85,LHS,6,,,4,4,,,3,,,,,4,1,,1,5,,,,1,,,,1,0,
2201,799,42553,6,07:30,2,480.25,LHS,7d,,,3,3,,,3,,,,,4,1,,1,5,,,,1,,,1,,1,
2202,800,42553,6,09:00,2,505.7,RHS,6,,,3,3,,,3,,,,,4,1,,1,5,,,,1,,,1,,1,
2203,801,42554,7,01:20,2,477.95,RHS,7d,,,2,2,3,,3,,,,,4,1,,2,6,,,,1,,1,,,1,
2204,802,42554,7,00:42,2,506.2,LHS,7d,,,2,2,,,3,,,,,4,1,,2,1,,,,1,,1,,,1,
2205,803,42557,3,23:52,2,467+000,RHS,7d,,,2,2,3,,3,,,,,4,1,,1,5,,,,1,,1,1,,2,
2206,804,42557,3,06:58,2,411+280,LHS,5,,,2,2,,,3,,,,,4,1,,2,5,10,,,2,,1,,,1,
2207,805,42557,3,19:30,2,424+480,RHS,7b,,,1,1,,,3,,,,,4,1,,2,5,,,,1,1,,,,1,
2208,806,42558,4,21:55,2,494+000,LHS,6,,,3,3,,,2,,,,,4,1,,1,5,,,,1,,,2,,2,
2209,807,42558,4,08:30,2,506+250,RHS,6,,,2,2,,,3,,,,,4,1,,1,5,,,,1,,1,,,1,
2210,808,42559,5,13:45,2,454+240,LHS,7d,,,4,4,,,3,,,,,4,1,,1,5,,,,1,,,,1,0,
2211,809,42560,6,17:38,1,441+300,LHS,6,,,3,3,,,3,,,,,4,1,,1,1,,,,1,,,2,,2,
2212,810,42560,6,00:15,2,502+700,RHS,6,,,3,3,,,3,,,,,4,1,,1,5,,,,1,,,1,,1,
2213,811,42560,6,09:54,1,490+200,RHS,4,,,3,3,,,2,,,,,4,1,,1,6,1,,,2,,,1,,1,
2214,812,42561,7,22:06,1,478+00,LHS,6,,,3,3,,,2,,,,,4,1,,1,6,,,,1,,,2,,2,
2215,813,42562,1,09:15,2,486.5,LHS,6,,,3,3,,,3,,,,,4,1,,2,5,,,,1,,,1,,1,
2216,814,42562,1,09:45,2,440.5,RHS,7d,,,2,2,3,,3,,,,,4,1,,2,5,,,,1,,2,6,,8,
2217,815,42563,2,01:12,2,494.3,LHS,7b,,,2,2,,,3,,,,,4,1,,2,11,,,,1,,1,,,1,
2218,816,42564,3,08:20,2,432.06,LHS,6,,,3,3,,,2,,,,,4,1,,1,5,,,,1,,,1,,1,
2219,817,42564,3,20:50,2,472.4,RHS,6,,,3,2,,,3,,,,,4,1,,1,5,,,,1,,,1,,1,
2220,818,42566,5,18:00,2,439.48,LHS,4,,,3,3,,,3,,,,,4,1,,1,5,,,,1,,,1,,1,
2221,819,42566,5,14:40,2,462.7,RHS,6,,,3,3,,,3,,,,,4,1,,1,5,,,,1,,,1,,1,
2222,820,42568,7,16:45,2,512.3,RHS,4,,,4,4,,,3,,,,,4,1,,1,5,1,,,2,,,,1,0,